[{"model": "admin.logentry", "pk": 1, "fields": {"action_time": "2021-03-23T12:28:01.154Z", "user": 1, "content_type": 8, "object_id": "1", "object_repr": "/About/ -- О нас", "action_flag": 1, "change_message": "[{\"added\": {}}]"}}, {"model": "admin.logentry", "pk": 2, "fields": {"action_time": "2021-03-23T12:28:33.093Z", "user": 1, "content_type": 8, "object_id": "2", "object_repr": "/Contacts/ -- Контакты", "action_flag": 1, "change_message": "[{\"added\": {}}]"}}, {"model": "admin.logentry", "pk": 3, "fields": {"action_time": "2021-03-23T12:57:04.065Z", "user": 1, "content_type": 8, "object_id": "1", "object_repr": "/About/ -- О нас", "action_flag": 2, "change_message": "[{\"changed\": {\"fields\": [\"Template name\"]}}]"}}, {"model": "admin.logentry", "pk": 4, "fields": {"action_time": "2021-03-23T12:57:20.341Z", "user": 1, "content_type": 8, "object_id": "2", "object_repr": "/contacts/ -- Контакты", "action_flag": 2, "change_message": "[{\"changed\": {\"fields\": [\"URL\", \"Template name\"]}}]"}}, {"model": "admin.logentry", "pk": 5, "fields": {"action_time": "2021-03-23T12:57:27.652Z", "user": 1, "content_type": 8, "object_id": "1", "object_repr": "/about/ -- О нас", "action_flag": 2, "change_message": "[{\"changed\": {\"fields\": [\"URL\"]}}]"}}, {"model": "admin.logentry", "pk": 6, "fields": {"action_time": "2021-03-24T06:11:58.858Z", "user": 1, "content_type": 8, "object_id": "1", "object_repr": "/about/ -- О нас", "action_flag": 2, "change_message": "[{\"changed\": {\"fields\": [\"Content\"]}}]"}}, {"model": "admin.logentry", "pk": 7, "fields": {"action_time": "2021-03-24T06:27:46.408Z", "user": 1, "content_type": 8, "object_id": "2", "object_repr": "/contacts/ -- Контакты", "action_flag": 2, "change_message": "[{\"changed\": {\"fields\": [\"Content\"]}}]"}}, {"model": "admin.logentry", "pk": 8, "fields": {"action_time": "2021-03-24T06:28:27.797Z", "user": 1, "content_type": 8, "object_id": "2", "object_repr": "/contacts/ -- Контакты", "action_flag": 2, "change_message": "[{\"changed\": {\"fields\": [\"Content\"]}}]"}}, {"model": "admin.logentry", "pk": 9, "fields": {"action_time": "2021-04-05T07:44:50.329Z", "user": 1, "content_type": 7, "object_id": "1", "object_repr": "localhost:8000", "action_flag": 2, "change_message": "[{\"changed\": {\"fields\": [\"Domain name\", \"Display name\"]}}]"}}, {"model": "admin.logentry", "pk": 10, "fields": {"action_time": "2021-04-05T07:45:20.865Z", "user": 1, "content_type": 18, "object_id": "1", "object_repr": "google-login", "action_flag": 1, "change_message": "[{\"added\": {}}]"}}, {"model": "admin.logentry", "pk": 11, "fields": {"action_time": "2021-04-05T07:45:57.639Z", "user": 1, "content_type": 7, "object_id": "1", "object_repr": "localhost:8000/", "action_flag": 2, "change_message": "[{\"changed\": {\"fields\": [\"Domain name\", \"Display name\"]}}]"}}, {"model": "admin.logentry", "pk": 12, "fields": {"action_time": "2021-04-05T07:46:01.937Z", "user": 1, "content_type": 18, "object_id": "1", "object_repr": "google-login", "action_flag": 2, "change_message": "[]"}}, {"model": "admin.logentry", "pk": 13, "fields": {"action_time": "2021-04-05T07:46:06.198Z", "user": 1, "content_type": 18, "object_id": "1", "object_repr": "google-login", "action_flag": 2, "change_message": "[]"}}, {"model": "admin.logentry", "pk": 14, "fields": {"action_time": "2021-04-05T07:58:34.174Z", "user": 1, "content_type": 7, "object_id": "1", "object_repr": "localhost:8000/", "action_flag": 2, "change_message": "[{\"changed\": {\"fields\": [\"Display name\"]}}]"}}, {"model": "admin.logentry", "pk": 15, "fields": {"action_time": "2021-04-05T08:08:10.600Z", "user": 1, "content_type": 18, "object_id": "1", "object_repr": "google-login", "action_flag": 2, "change_message": "[]"}}, {"model": "admin.logentry", "pk": 16, "fields": {"action_time": "2021-04-06T13:44:54.866Z", "user": 1, "content_type": 3, "object_id": "1", "object_repr": "common users", "action_flag": 1, "change_message": "[{\"added\": {}}]"}}, {"model": "admin.logentry", "pk": 17, "fields": {"action_time": "2021-04-06T13:52:57.247Z", "user": 1, "content_type": 4, "object_id": "5", "object_repr": "kuku", "action_flag": 2, "change_message": "[{\"changed\": {\"fields\": [\"Groups\"]}}]"}}, {"model": "admin.logentry", "pk": 18, "fields": {"action_time": "2021-04-06T14:11:03.657Z", "user": 1, "content_type": 3, "object_id": "2", "object_repr": "sellers", "action_flag": 1, "change_message": "[{\"added\": {}}]"}}, {"model": "admin.logentry", "pk": 19, "fields": {"action_time": "2021-04-06T14:24:47.239Z", "user": 1, "content_type": 4, "object_id": "8", "object_repr": "uuser", "action_flag": 2, "change_message": "[{\"changed\": {\"fields\": [\"Groups\"]}}]"}}, {"model": "admin.logentry", "pk": 20, "fields": {"action_time": "2021-04-06T14:28:19.972Z", "user": 1, "content_type": 4, "object_id": "4", "object_repr": "sveta", "action_flag": 2, "change_message": "[{\"changed\": {\"fields\": [\"Groups\"]}}]"}}, {"model": "admin.logentry", "pk": 21, "fields": {"action_time": "2021-04-10T15:38:14.782Z", "user": 1, "content_type": 21, "object_id": "task_time", "object_repr": "task_time (next run at: Апрель 12, 2021, 12:00 п.п.)", "action_flag": 3, "change_message": ""}}, {"model": "admin.logentry", "pk": 22, "fields": {"action_time": "2021-04-10T15:38:14.810Z", "user": 1, "content_type": 21, "object_id": "d3ddc4cf344a4b229a800df724e76aaa", "object_repr": "d3ddc4cf344a4b229a800df724e76aaa (next run at: Апрель 12, 2021, 12:00 п.п.)", "action_flag": 3, "change_message": ""}}, {"model": "admin.logentry", "pk": 23, "fields": {"action_time": "2021-04-10T15:38:14.834Z", "user": 1, "content_type": 21, "object_id": "96d210b76b25404797b8ea6dcf4ab127", "object_repr": "96d210b76b25404797b8ea6dcf4ab127 (next run at: Апрель 12, 2021, 12:00 п.п.)", "action_flag": 3, "change_message": ""}}, {"model": "admin.logentry", "pk": 24, "fields": {"action_time": "2021-04-10T15:38:14.860Z", "user": 1, "content_type": 21, "object_id": "2dbeeaa827244c9c9270f843eb7d0bdc", "object_repr": "2dbeeaa827244c9c9270f843eb7d0bdc (next run at: Апрель 12, 2021, 12:00 п.п.)", "action_flag": 3, "change_message": ""}}, {"model": "admin.logentry", "pk": 25, "fields": {"action_time": "2021-04-18T15:06:31.159Z", "user": 1, "content_type": 8, "object_id": "3", "object_repr": "/pay/ -- Оплата", "action_flag": 1, "change_message": "[{\"added\": {}}]"}}, {"model": "admin.logentry", "pk": 26, "fields": {"action_time": "2021-04-18T15:07:33.532Z", "user": 1, "content_type": 8, "object_id": "4", "object_repr": "/delivery/ -- Доставка", "action_flag": 1, "change_message": "[{\"added\": {}}]"}}, {"model": "admin.logentry", "pk": 27, "fields": {"action_time": "2021-04-18T15:17:16.431Z", "user": 1, "content_type": 8, "object_id": "4", "object_repr": "/delivery/ -- Доставка", "action_flag": 2, "change_message": "[{\"changed\": {\"fields\": [\"Content\"]}}]"}}, {"model": "admin.logentry", "pk": 28, "fields": {"action_time": "2021-04-18T15:21:14.140Z", "user": 1, "content_type": 8, "object_id": "4", "object_repr": "/delivery/ -- Доставка", "action_flag": 2, "change_message": "[{\"changed\": {\"fields\": [\"Template name\"]}}]"}}, {"model": "admin.logentry", "pk": 29, "fields": {"action_time": "2021-04-18T15:21:24.473Z", "user": 1, "content_type": 8, "object_id": "3", "object_repr": "/pay/ -- Оплата", "action_flag": 2, "change_message": "[{\"changed\": {\"fields\": [\"Template name\"]}}]"}}, {"model": "admin.logentry", "pk": 30, "fields": {"action_time": "2021-04-18T16:29:26.338Z", "user": 1, "content_type": 8, "object_id": "4", "object_repr": "/delivery/ -- Доставка", "action_flag": 2, "change_message": "[{\"changed\": {\"fields\": [\"Content\"]}}]"}}, {"model": "admin.logentry", "pk": 31, "fields": {"action_time": "2021-04-18T16:35:13.391Z", "user": 1, "content_type": 8, "object_id": "4", "object_repr": "/delivery/ -- Доставка", "action_flag": 2, "change_message": "[{\"changed\": {\"fields\": [\"Content\"]}}]"}}, {"model": "admin.logentry", "pk": 32, "fields": {"action_time": "2021-04-18T16:36:06.572Z", "user": 1, "content_type": 8, "object_id": "4", "object_repr": "/delivery/ -- Доставка", "action_flag": 2, "change_message": "[{\"changed\": {\"fields\": [\"Content\"]}}]"}}, {"model": "admin.logentry", "pk": 33, "fields": {"action_time": "2021-04-18T16:36:34.711Z", "user": 1, "content_type": 8, "object_id": "4", "object_repr": "/delivery/ -- Доставка", "action_flag": 2, "change_message": "[{\"changed\": {\"fields\": [\"Content\"]}}]"}}, {"model": "admin.logentry", "pk": 34, "fields": {"action_time": "2021-04-18T16:42:43.026Z", "user": 1, "content_type": 8, "object_id": "1", "object_repr": "/about/ -- О нас", "action_flag": 2, "change_message": "[{\"changed\": {\"fields\": [\"Content\"]}}]"}}, {"model": "admin.logentry", "pk": 35, "fields": {"action_time": "2021-04-18T16:43:06.735Z", "user": 1, "content_type": 8, "object_id": "1", "object_repr": "/about/ -- О нас", "action_flag": 2, "change_message": "[{\"changed\": {\"fields\": [\"Content\"]}}]"}}, {"model": "admin.logentry", "pk": 36, "fields": {"action_time": "2021-04-18T16:45:23.340Z", "user": 1, "content_type": 8, "object_id": "2", "object_repr": "/contacts/ -- Контакты", "action_flag": 2, "change_message": "[{\"changed\": {\"fields\": [\"Content\"]}}]"}}, {"model": "admin.logentry", "pk": 37, "fields": {"action_time": "2021-04-18T16:45:51.997Z", "user": 1, "content_type": 8, "object_id": "2", "object_repr": "/contacts/ -- Контакты", "action_flag": 2, "change_message": "[{\"changed\": {\"fields\": [\"Content\"]}}]"}}, {"model": "admin.logentry", "pk": 38, "fields": {"action_time": "2021-04-18T16:46:12.195Z", "user": 1, "content_type": 8, "object_id": "2", "object_repr": "/contacts/ -- Контакты", "action_flag": 2, "change_message": "[{\"changed\": {\"fields\": [\"Content\"]}}]"}}, {"model": "admin.logentry", "pk": 39, "fields": {"action_time": "2021-04-18T16:48:18.302Z", "user": 1, "content_type": 8, "object_id": "2", "object_repr": "/contacts/ -- Контакты", "action_flag": 2, "change_message": "[{\"changed\": {\"fields\": [\"Content\"]}}]"}}, {"model": "admin.logentry", "pk": 40, "fields": {"action_time": "2021-04-18T16:49:12.847Z", "user": 1, "content_type": 8, "object_id": "1", "object_repr": "/about/ -- О нас", "action_flag": 2, "change_message": "[{\"changed\": {\"fields\": [\"Content\"]}}]"}}, {"model": "admin.logentry", "pk": 41, "fields": {"action_time": "2021-04-18T16:49:18.728Z", "user": 1, "content_type": 8, "object_id": "2", "object_repr": "/contacts/ -- Контакты", "action_flag": 2, "change_message": "[{\"changed\": {\"fields\": [\"Content\"]}}]"}}, {"model": "admin.logentry", "pk": 42, "fields": {"action_time": "2021-04-18T16:49:51.946Z", "user": 1, "content_type": 8, "object_id": "1", "object_repr": "/about/ -- О нас", "action_flag": 2, "change_message": "[{\"changed\": {\"fields\": [\"Content\"]}}]"}}, {"model": "admin.logentry", "pk": 43, "fields": {"action_time": "2021-04-27T11:37:44.199Z", "user": 1, "content_type": 12, "object_id": "1", "object_repr": "Markuss Леггинсы женские", "action_flag": 2, "change_message": "[{\"changed\": {\"fields\": [\"\\u041e\\u043f\\u0443\\u0431\\u043b\\u0438\\u043a\\u043e\\u0432\\u0430\\u043d\"]}}]"}}, {"model": "admin.logentry", "pk": 44, "fields": {"action_time": "2021-04-27T11:39:31.267Z", "user": 1, "content_type": 12, "object_id": "1", "object_repr": "Markuss Леггинсы женские", "action_flag": 2, "change_message": "[{\"changed\": {\"fields\": [\"\\u0412 \\u0430\\u0440\\u0445\\u0438\\u0432\\u0435\"]}}]"}}, {"model": "admin.logentry", "pk": 45, "fields": {"action_time": "2021-04-27T11:42:19.342Z", "user": 1, "content_type": 12, "object_id": "34", "object_repr": "test", "action_flag": 2, "change_message": "[{\"changed\": {\"fields\": [\"\\u0422\\u044d\\u0433\\u0438\"]}}]"}}, {"model": "admin.logentry", "pk": 46, "fields": {"action_time": "2021-04-27T12:11:16.016Z", "user": 1, "content_type": 12, "object_id": "32", "object_repr": "Markuss Леггинсы женские 2", "action_flag": 2, "change_message": "[{\"changed\": {\"fields\": [\"\\u041d\\u0430\\u0438\\u043c\\u0435\\u043d\\u043e\\u0432\\u0430\\u043d\\u0438\\u0435 \\u0442\\u043e\\u0432\\u0430\\u0440\\u0430\", \"\\u041e\\u043f\\u0438\\u0441\\u0430\\u043d\\u0438\\u0435\", \"\\u0421\\u043e\\u0441\\u0442\\u0430\\u0432\", \"\\u0410\\u0440\\u0442\\u0438\\u043a\\u0443\\u043b\", \"\\u0422\\u044d\\u0433\\u0438\"]}}]"}}, {"model": "admin.logentry", "pk": 47, "fields": {"action_time": "2021-04-27T13:31:48.305Z", "user": 1, "content_type": 9, "object_id": "4", "object_repr": "test seller", "action_flag": 2, "change_message": "[{\"changed\": {\"fields\": [\"\\u0424\\u0418\\u041e \\u0440\\u0443\\u043a\\u043e\\u0432\\u043e\\u0434\\u0438\\u0442\\u0435\\u043b\\u044f\", \"E-mail \\u043e\\u0440\\u0433\\u0430\\u043d\\u0438\\u0437\\u0430\\u0446\\u0438\\u0438\"]}}]"}}, {"model": "admin.logentry", "pk": 48, "fields": {"action_time": "2021-04-27T13:36:45.522Z", "user": 1, "content_type": 9, "object_id": "1", "object_repr": "ООО Фирма", "action_flag": 3, "change_message": ""}}, {"model": "admin.logentry", "pk": 49, "fields": {"action_time": "2021-04-27T13:36:45.536Z", "user": 1, "content_type": 9, "object_id": "2", "object_repr": "ООО Быт Фирма", "action_flag": 3, "change_message": ""}}, {"model": "admin.logentry", "pk": 50, "fields": {"action_time": "2021-04-27T13:36:45.547Z", "user": 1, "content_type": 9, "object_id": "4", "object_repr": "test seller", "action_flag": 3, "change_message": ""}}, {"model": "auth.permission", "pk": 1, "fields": {"name": "Can add log entry", "content_type": 1, "codename": "add_logentry"}}, {"model": "auth.permission", "pk": 2, "fields": {"name": "Can change log entry", "content_type": 1, "codename": "change_logentry"}}, {"model": "auth.permission", "pk": 3, "fields": {"name": "Can delete log entry", "content_type": 1, "codename": "delete_logentry"}}, {"model": "auth.permission", "pk": 4, "fields": {"name": "Can view log entry", "content_type": 1, "codename": "view_logentry"}}, {"model": "auth.permission", "pk": 5, "fields": {"name": "Can add permission", "content_type": 2, "codename": "add_permission"}}, {"model": "auth.permission", "pk": 6, "fields": {"name": "Can change permission", "content_type": 2, "codename": "change_permission"}}, {"model": "auth.permission", "pk": 7, "fields": {"name": "Can delete permission", "content_type": 2, "codename": "delete_permission"}}, {"model": "auth.permission", "pk": 8, "fields": {"name": "Can view permission", "content_type": 2, "codename": "view_permission"}}, {"model": "auth.permission", "pk": 9, "fields": {"name": "Can add group", "content_type": 3, "codename": "add_group"}}, {"model": "auth.permission", "pk": 10, "fields": {"name": "Can change group", "content_type": 3, "codename": "change_group"}}, {"model": "auth.permission", "pk": 11, "fields": {"name": "Can delete group", "content_type": 3, "codename": "delete_group"}}, {"model": "auth.permission", "pk": 12, "fields": {"name": "Can view group", "content_type": 3, "codename": "view_group"}}, {"model": "auth.permission", "pk": 13, "fields": {"name": "Can add user", "content_type": 4, "codename": "add_user"}}, {"model": "auth.permission", "pk": 14, "fields": {"name": "Can change user", "content_type": 4, "codename": "change_user"}}, {"model": "auth.permission", "pk": 15, "fields": {"name": "Can delete user", "content_type": 4, "codename": "delete_user"}}, {"model": "auth.permission", "pk": 16, "fields": {"name": "Can view user", "content_type": 4, "codename": "view_user"}}, {"model": "auth.permission", "pk": 17, "fields": {"name": "Can add content type", "content_type": 5, "codename": "add_contenttype"}}, {"model": "auth.permission", "pk": 18, "fields": {"name": "Can change content type", "content_type": 5, "codename": "change_contenttype"}}, {"model": "auth.permission", "pk": 19, "fields": {"name": "Can delete content type", "content_type": 5, "codename": "delete_contenttype"}}, {"model": "auth.permission", "pk": 20, "fields": {"name": "Can view content type", "content_type": 5, "codename": "view_contenttype"}}, {"model": "auth.permission", "pk": 21, "fields": {"name": "Can add session", "content_type": 6, "codename": "add_session"}}, {"model": "auth.permission", "pk": 22, "fields": {"name": "Can change session", "content_type": 6, "codename": "change_session"}}, {"model": "auth.permission", "pk": 23, "fields": {"name": "Can delete session", "content_type": 6, "codename": "delete_session"}}, {"model": "auth.permission", "pk": 24, "fields": {"name": "Can view session", "content_type": 6, "codename": "view_session"}}, {"model": "auth.permission", "pk": 25, "fields": {"name": "Can add site", "content_type": 7, "codename": "add_site"}}, {"model": "auth.permission", "pk": 26, "fields": {"name": "Can change site", "content_type": 7, "codename": "change_site"}}, {"model": "auth.permission", "pk": 27, "fields": {"name": "Can delete site", "content_type": 7, "codename": "delete_site"}}, {"model": "auth.permission", "pk": 28, "fields": {"name": "Can view site", "content_type": 7, "codename": "view_site"}}, {"model": "auth.permission", "pk": 29, "fields": {"name": "Can add flat page", "content_type": 8, "codename": "add_flatpage"}}, {"model": "auth.permission", "pk": 30, "fields": {"name": "Can change flat page", "content_type": 8, "codename": "change_flatpage"}}, {"model": "auth.permission", "pk": 31, "fields": {"name": "Can delete flat page", "content_type": 8, "codename": "delete_flatpage"}}, {"model": "auth.permission", "pk": 32, "fields": {"name": "Can view flat page", "content_type": 8, "codename": "view_flatpage"}}, {"model": "auth.permission", "pk": 33, "fields": {"name": "Can add seller", "content_type": 9, "codename": "add_seller"}}, {"model": "auth.permission", "pk": 34, "fields": {"name": "Can change seller", "content_type": 9, "codename": "change_seller"}}, {"model": "auth.permission", "pk": 35, "fields": {"name": "Can delete seller", "content_type": 9, "codename": "delete_seller"}}, {"model": "auth.permission", "pk": 36, "fields": {"name": "Can view seller", "content_type": 9, "codename": "view_seller"}}, {"model": "auth.permission", "pk": 37, "fields": {"name": "Can add tag", "content_type": 10, "codename": "add_tag"}}, {"model": "auth.permission", "pk": 38, "fields": {"name": "Can change tag", "content_type": 10, "codename": "change_tag"}}, {"model": "auth.permission", "pk": 39, "fields": {"name": "Can delete tag", "content_type": 10, "codename": "delete_tag"}}, {"model": "auth.permission", "pk": 40, "fields": {"name": "Can view tag", "content_type": 10, "codename": "view_tag"}}, {"model": "auth.permission", "pk": 41, "fields": {"name": "Can add category", "content_type": 11, "codename": "add_category"}}, {"model": "auth.permission", "pk": 42, "fields": {"name": "Can change category", "content_type": 11, "codename": "change_category"}}, {"model": "auth.permission", "pk": 43, "fields": {"name": "Can delete category", "content_type": 11, "codename": "delete_category"}}, {"model": "auth.permission", "pk": 44, "fields": {"name": "Can view category", "content_type": 11, "codename": "view_category"}}, {"model": "auth.permission", "pk": 45, "fields": {"name": "Can add good", "content_type": 12, "codename": "add_good"}}, {"model": "auth.permission", "pk": 46, "fields": {"name": "Can change good", "content_type": 12, "codename": "change_good"}}, {"model": "auth.permission", "pk": 47, "fields": {"name": "Can delete good", "content_type": 12, "codename": "delete_good"}}, {"model": "auth.permission", "pk": 48, "fields": {"name": "Can view good", "content_type": 12, "codename": "view_good"}}, {"model": "auth.permission", "pk": 49, "fields": {"name": "Can add profile", "content_type": 13, "codename": "add_profile"}}, {"model": "auth.permission", "pk": 50, "fields": {"name": "Can change profile", "content_type": 13, "codename": "change_profile"}}, {"model": "auth.permission", "pk": 51, "fields": {"name": "Can delete profile", "content_type": 13, "codename": "delete_profile"}}, {"model": "auth.permission", "pk": 52, "fields": {"name": "Can view profile", "content_type": 13, "codename": "view_profile"}}, {"model": "auth.permission", "pk": 53, "fields": {"name": "Can add kv store", "content_type": 14, "codename": "add_kvstore"}}, {"model": "auth.permission", "pk": 54, "fields": {"name": "Can change kv store", "content_type": 14, "codename": "change_kvstore"}}, {"model": "auth.permission", "pk": 55, "fields": {"name": "Can delete kv store", "content_type": 14, "codename": "delete_kvstore"}}, {"model": "auth.permission", "pk": 56, "fields": {"name": "Can view kv store", "content_type": 14, "codename": "view_kvstore"}}, {"model": "auth.permission", "pk": 57, "fields": {"name": "Can add email address", "content_type": 15, "codename": "add_emailaddress"}}, {"model": "auth.permission", "pk": 58, "fields": {"name": "Can change email address", "content_type": 15, "codename": "change_emailaddress"}}, {"model": "auth.permission", "pk": 59, "fields": {"name": "Can delete email address", "content_type": 15, "codename": "delete_emailaddress"}}, {"model": "auth.permission", "pk": 60, "fields": {"name": "Can view email address", "content_type": 15, "codename": "view_emailaddress"}}, {"model": "auth.permission", "pk": 61, "fields": {"name": "Can add email confirmation", "content_type": 16, "codename": "add_emailconfirmation"}}, {"model": "auth.permission", "pk": 62, "fields": {"name": "Can change email confirmation", "content_type": 16, "codename": "change_emailconfirmation"}}, {"model": "auth.permission", "pk": 63, "fields": {"name": "Can delete email confirmation", "content_type": 16, "codename": "delete_emailconfirmation"}}, {"model": "auth.permission", "pk": 64, "fields": {"name": "Can view email confirmation", "content_type": 16, "codename": "view_emailconfirmation"}}, {"model": "auth.permission", "pk": 65, "fields": {"name": "Can add social account", "content_type": 17, "codename": "add_socialaccount"}}, {"model": "auth.permission", "pk": 66, "fields": {"name": "Can change social account", "content_type": 17, "codename": "change_socialaccount"}}, {"model": "auth.permission", "pk": 67, "fields": {"name": "Can delete social account", "content_type": 17, "codename": "delete_socialaccount"}}, {"model": "auth.permission", "pk": 68, "fields": {"name": "Can view social account", "content_type": 17, "codename": "view_socialaccount"}}, {"model": "auth.permission", "pk": 69, "fields": {"name": "Can add social application", "content_type": 18, "codename": "add_socialapp"}}, {"model": "auth.permission", "pk": 70, "fields": {"name": "Can change social application", "content_type": 18, "codename": "change_socialapp"}}, {"model": "auth.permission", "pk": 71, "fields": {"name": "Can delete social application", "content_type": 18, "codename": "delete_socialapp"}}, {"model": "auth.permission", "pk": 72, "fields": {"name": "Can view social application", "content_type": 18, "codename": "view_socialapp"}}, {"model": "auth.permission", "pk": 73, "fields": {"name": "Can add social application token", "content_type": 19, "codename": "add_socialtoken"}}, {"model": "auth.permission", "pk": 74, "fields": {"name": "Can change social application token", "content_type": 19, "codename": "change_socialtoken"}}, {"model": "auth.permission", "pk": 75, "fields": {"name": "Can delete social application token", "content_type": 19, "codename": "delete_socialtoken"}}, {"model": "auth.permission", "pk": 76, "fields": {"name": "Can view social application token", "content_type": 19, "codename": "view_socialtoken"}}, {"model": "auth.permission", "pk": 77, "fields": {"name": "Can add subscriber", "content_type": 20, "codename": "add_subscriber"}}, {"model": "auth.permission", "pk": 78, "fields": {"name": "Can change subscriber", "content_type": 20, "codename": "change_subscriber"}}, {"model": "auth.permission", "pk": 79, "fields": {"name": "Can delete subscriber", "content_type": 20, "codename": "delete_subscriber"}}, {"model": "auth.permission", "pk": 80, "fields": {"name": "Can view subscriber", "content_type": 20, "codename": "view_subscriber"}}, {"model": "auth.permission", "pk": 81, "fields": {"name": "Can add django job", "content_type": 21, "codename": "add_djangojob"}}, {"model": "auth.permission", "pk": 82, "fields": {"name": "Can change django job", "content_type": 21, "codename": "change_djangojob"}}, {"model": "auth.permission", "pk": 83, "fields": {"name": "Can delete django job", "content_type": 21, "codename": "delete_djangojob"}}, {"model": "auth.permission", "pk": 84, "fields": {"name": "Can view django job", "content_type": 21, "codename": "view_djangojob"}}, {"model": "auth.permission", "pk": 85, "fields": {"name": "Can add django job execution", "content_type": 22, "codename": "add_djangojobexecution"}}, {"model": "auth.permission", "pk": 86, "fields": {"name": "Can change django job execution", "content_type": 22, "codename": "change_djangojobexecution"}}, {"model": "auth.permission", "pk": 87, "fields": {"name": "Can delete django job execution", "content_type": 22, "codename": "delete_djangojobexecution"}}, {"model": "auth.permission", "pk": 88, "fields": {"name": "Can view django job execution", "content_type": 22, "codename": "view_djangojobexecution"}}, {"model": "auth.permission", "pk": 89, "fields": {"name": "Can add task result", "content_type": 23, "codename": "add_taskresult"}}, {"model": "auth.permission", "pk": 90, "fields": {"name": "Can change task result", "content_type": 23, "codename": "change_taskresult"}}, {"model": "auth.permission", "pk": 91, "fields": {"name": "Can delete task result", "content_type": 23, "codename": "delete_taskresult"}}, {"model": "auth.permission", "pk": 92, "fields": {"name": "Can view task result", "content_type": 23, "codename": "view_taskresult"}}, {"model": "auth.permission", "pk": 93, "fields": {"name": "Can add chord counter", "content_type": 24, "codename": "add_chordcounter"}}, {"model": "auth.permission", "pk": 94, "fields": {"name": "Can change chord counter", "content_type": 24, "codename": "change_chordcounter"}}, {"model": "auth.permission", "pk": 95, "fields": {"name": "Can delete chord counter", "content_type": 24, "codename": "delete_chordcounter"}}, {"model": "auth.permission", "pk": 96, "fields": {"name": "Can view chord counter", "content_type": 24, "codename": "view_chordcounter"}}, {"model": "auth.permission", "pk": 97, "fields": {"name": "Can add sms log", "content_type": 25, "codename": "add_smslog"}}, {"model": "auth.permission", "pk": 98, "fields": {"name": "Can change sms log", "content_type": 25, "codename": "change_smslog"}}, {"model": "auth.permission", "pk": 99, "fields": {"name": "Can delete sms log", "content_type": 25, "codename": "delete_smslog"}}, {"model": "auth.permission", "pk": 100, "fields": {"name": "Can view sms log", "content_type": 25, "codename": "view_smslog"}}, {"model": "auth.group", "pk": 1, "fields": {"name": "common users", "permissions": [57, 58, 59, 60]}}, {"model": "auth.group", "pk": 2, "fields": {"name": "sellers", "permissions": [57, 58, 59, 60, 45, 46, 47, 48]}}, {"model": "auth.user", "pk": 1, "fields": {"password": "pbkdf2_sha256$216000$dPEbONK7T1gV$4zIjHbuJPoZ5wbQl2e4hEochAw6YFHNMch+GCtzFejA=", "last_login": "2021-05-01T13:03:23.786Z", "is_superuser": true, "username": "admin", "first_name": "Светлана12", "last_name": "Кудинова99", "email": "svetlayakud@yandex.ru", "is_staff": true, "is_active": true, "date_joined": "2021-03-23T11:25:13.280Z", "groups": [], "user_permissions": []}}, {"model": "auth.user", "pk": 2, "fields": {"password": "!fcnW7G86PjTI4goZVE78TKVyK2CSuUjeGnmqhfgY", "last_login": "2021-04-05T13:10:56.242Z", "is_superuser": false, "username": "user", "first_name": "Светлана", "last_name": "Кудинова", "email": "user@mail.com", "is_staff": false, "is_active": true, "date_joined": "2021-04-05T08:39:06.521Z", "groups": [], "user_permissions": []}}, {"model": "auth.user", "pk": 3, "fields": {"password": "pbkdf2_sha256$216000$zuVTYS0UL9eu$m60kPp59xJdSvJRiGywhUKaf+UtC+Wltb0E0ir0K7tU=", "last_login": null, "is_superuser": false, "username": "qwerty", "first_name": "", "last_name": "", "email": "qwert@mail.ru", "is_staff": false, "is_active": true, "date_joined": "2021-04-05T10:32:51.204Z", "groups": [], "user_permissions": []}}, {"model": "auth.user", "pk": 4, "fields": {"password": "pbkdf2_sha256$216000$FgvlDiuv2hGU$/KLVNnVGG9PgvOmjgxZINVP0XHTPHmFLmGcXKyN6QeU=", "last_login": "2021-04-06T15:23:47.404Z", "is_superuser": false, "username": "sveta", "first_name": "", "last_name": "", "email": "", "is_staff": false, "is_active": true, "date_joined": "2021-04-05T10:36:14Z", "groups": [1], "user_permissions": []}}, {"model": "auth.user", "pk": 5, "fields": {"password": "pbkdf2_sha256$216000$7SHPgGgwD9MW$c4z4FWfWteb21l+QAZaP1NKuQkGqBbyS9Xc/NIId8dM=", "last_login": null, "is_superuser": false, "username": "kuku", "first_name": "", "last_name": "", "email": "", "is_staff": false, "is_active": true, "date_joined": "2021-04-05T13:26:47Z", "groups": [1], "user_permissions": []}}, {"model": "auth.user", "pk": 6, "fields": {"password": "pbkdf2_sha256$216000$935n4p0VWcvG$FPt0e+89hHqvIWZZT+EsV1Zr4YTgd8KicyIexSlVho0=", "last_login": "2021-04-05T13:31:02.463Z", "is_superuser": false, "username": "kuku1", "first_name": "", "last_name": "", "email": "", "is_staff": false, "is_active": true, "date_joined": "2021-04-05T13:31:02.256Z", "groups": [], "user_permissions": []}}, {"model": "auth.user", "pk": 7, "fields": {"password": "pbkdf2_sha256$216000$u05YS78wY2FW$ABbgHjKDvXeSwy0c74HMUY32hb4SAkQB6QKpHeWFsrM=", "last_login": "2021-04-05T13:33:29.204Z", "is_superuser": false, "username": "user1", "first_name": "", "last_name": "", "email": "", "is_staff": false, "is_active": true, "date_joined": "2021-04-05T13:33:29.002Z", "groups": [], "user_permissions": []}}, {"model": "auth.user", "pk": 8, "fields": {"password": "pbkdf2_sha256$216000$bZRCag1DJcaf$2WgXI+J8AA0OATe/1i0krDytb/KQGWygnAe5v/5a1k4=", "last_login": "2021-04-27T18:52:00.453Z", "is_superuser": false, "username": "uuser", "first_name": "", "last_name": "", "email": "", "is_staff": false, "is_active": true, "date_joined": "2021-04-05T13:37:54Z", "groups": [2], "user_permissions": []}}, {"model": "auth.user", "pk": 9, "fields": {"password": "pbkdf2_sha256$216000$IoQEk1BSZTmw$8v9w5HesMSxg8PXX+FZvQc6IgVZ2EQxeQrW+5g/4WG8=", "last_login": "2021-04-06T13:56:59.673Z", "is_superuser": false, "username": "kiki", "first_name": "", "last_name": "", "email": "", "is_staff": false, "is_active": true, "date_joined": "2021-04-06T13:56:59.471Z", "groups": [1], "user_permissions": []}}, {"model": "auth.user", "pk": 10, "fields": {"password": "pbkdf2_sha256$216000$BaD3hNMAhszx$PzGicaBCUsFa7BL0Hng4lOaU4XvxCaWMTUtb7n/lOGY=", "last_login": "2021-04-08T09:21:55.157Z", "is_superuser": false, "username": "rty", "first_name": "", "last_name": "", "email": "svetlayakud@yandex.ru", "is_staff": false, "is_active": true, "date_joined": "2021-04-08T09:21:54.907Z", "groups": [1], "user_permissions": []}}, {"model": "auth.user", "pk": 11, "fields": {"password": "pbkdf2_sha256$216000$heHdp4K5Kyek$PME1fp10j8cYm+UKv/l5VdePCWSMBj5u27n5Q6S0CY0=", "last_login": "2021-04-08T09:31:20.937Z", "is_superuser": false, "username": "staster", "first_name": "", "last_name": "", "email": "stas@mail.com", "is_staff": false, "is_active": true, "date_joined": "2021-04-08T09:31:20.687Z", "groups": [1], "user_permissions": []}}, {"model": "auth.user", "pk": 12, "fields": {"password": "pbkdf2_sha256$216000$H7dLt8SeFTxe$Y9ZSOrcYKKw0WVE4VtjhEvXJs3/tTfWuNgnhDE2DgBA=", "last_login": "2021-04-10T08:27:23.601Z", "is_superuser": false, "username": "opi", "first_name": "", "last_name": "", "email": "opi@mail.ru", "is_staff": false, "is_active": true, "date_joined": "2021-04-10T08:27:22.443Z", "groups": [1], "user_permissions": []}}, {"model": "auth.user", "pk": 13, "fields": {"password": "pbkdf2_sha256$216000$LxF3RSMyFjl6$DpSlCD0oueO//0EQhtgvFLozgMx5EsIk6MgSist+QNs=", "last_login": "2021-04-10T08:32:46.804Z", "is_superuser": false, "username": "oki", "first_name": "", "last_name": "", "email": "oki@mail.ru", "is_staff": false, "is_active": true, "date_joined": "2021-04-10T08:32:45.671Z", "groups": [1], "user_permissions": []}}, {"model": "auth.user", "pk": 14, "fields": {"password": "pbkdf2_sha256$216000$zKzW6CFlwIO8$FUEvhT2zClOC3OSGMffLmniFjYxrdebk+5VN0PbbU40=", "last_login": "2021-04-10T08:47:20.714Z", "is_superuser": false, "username": "juj", "first_name": "", "last_name": "", "email": "jij@mail.com", "is_staff": false, "is_active": true, "date_joined": "2021-04-10T08:47:19.620Z", "groups": [1], "user_permissions": []}}, {"model": "auth.user", "pk": 15, "fields": {"password": "pbkdf2_sha256$216000$qF9zo7xorp0z$jDhIFNplGBAoOmsWziB3HgQi8Psh+ySqRdPG3ziSN3Q=", "last_login": "2021-04-10T08:50:46.112Z", "is_superuser": false, "username": "jjj", "first_name": "", "last_name": "", "email": "kkk@mail.com", "is_staff": false, "is_active": true, "date_joined": "2021-04-10T08:50:44.989Z", "groups": [1], "user_permissions": []}}, {"model": "auth.user", "pk": 16, "fields": {"password": "pbkdf2_sha256$216000$X9eO7A0p0LZu$1rwsbUP2RN0ROGXUK/gRFgWqcBkELZCVRQy5TKO99xQ=", "last_login": "2021-04-10T08:54:23.465Z", "is_superuser": false, "username": "j", "first_name": "", "last_name": "", "email": "rr@mail.com", "is_staff": false, "is_active": true, "date_joined": "2021-04-10T08:54:22.326Z", "groups": [1], "user_permissions": []}}, {"model": "auth.user", "pk": 17, "fields": {"password": "pbkdf2_sha256$216000$3dOq7npVIb3M$RkPfk7vl9YgecnHSucu2rrBqRJlB0XJIGenZ+agEIsM=", "last_login": "2021-04-10T09:01:08.831Z", "is_superuser": false, "username": "rrr", "first_name": "", "last_name": "", "email": "ee@mail.com", "is_staff": false, "is_active": true, "date_joined": "2021-04-10T09:01:07.727Z", "groups": [1], "user_permissions": []}}, {"model": "contenttypes.contenttype", "pk": 1, "fields": {"app_label": "admin", "model": "logentry"}}, {"model": "contenttypes.contenttype", "pk": 2, "fields": {"app_label": "auth", "model": "permission"}}, {"model": "contenttypes.contenttype", "pk": 3, "fields": {"app_label": "auth", "model": "group"}}, {"model": "contenttypes.contenttype", "pk": 4, "fields": {"app_label": "auth", "model": "user"}}, {"model": "contenttypes.contenttype", "pk": 5, "fields": {"app_label": "contenttypes", "model": "contenttype"}}, {"model": "contenttypes.contenttype", "pk": 6, "fields": {"app_label": "sessions", "model": "session"}}, {"model": "contenttypes.contenttype", "pk": 7, "fields": {"app_label": "sites", "model": "site"}}, {"model": "contenttypes.contenttype", "pk": 8, "fields": {"app_label": "flatpages", "model": "flatpage"}}, {"model": "contenttypes.contenttype", "pk": 9, "fields": {"app_label": "main", "model": "seller"}}, {"model": "contenttypes.contenttype", "pk": 10, "fields": {"app_label": "main", "model": "tag"}}, {"model": "contenttypes.contenttype", "pk": 11, "fields": {"app_label": "main", "model": "category"}}, {"model": "contenttypes.contenttype", "pk": 12, "fields": {"app_label": "main", "model": "good"}}, {"model": "contenttypes.contenttype", "pk": 13, "fields": {"app_label": "main", "model": "profile"}}, {"model": "contenttypes.contenttype", "pk": 14, "fields": {"app_label": "thumbnail", "model": "kvstore"}}, {"model": "contenttypes.contenttype", "pk": 15, "fields": {"app_label": "account", "model": "emailaddress"}}, {"model": "contenttypes.contenttype", "pk": 16, "fields": {"app_label": "account", "model": "emailconfirmation"}}, {"model": "contenttypes.contenttype", "pk": 17, "fields": {"app_label": "socialaccount", "model": "socialaccount"}}, {"model": "contenttypes.contenttype", "pk": 18, "fields": {"app_label": "socialaccount", "model": "socialapp"}}, {"model": "contenttypes.contenttype", "pk": 19, "fields": {"app_label": "socialaccount", "model": "socialtoken"}}, {"model": "contenttypes.contenttype", "pk": 20, "fields": {"app_label": "main", "model": "subscriber"}}, {"model": "contenttypes.contenttype", "pk": 21, "fields": {"app_label": "django_apscheduler", "model": "djangojob"}}, {"model": "contenttypes.contenttype", "pk": 22, "fields": {"app_label": "django_apscheduler", "model": "djangojobexecution"}}, {"model": "contenttypes.contenttype", "pk": 23, "fields": {"app_label": "django_celery_results", "model": "taskresult"}}, {"model": "contenttypes.contenttype", "pk": 24, "fields": {"app_label": "django_celery_results", "model": "chordcounter"}}, {"model": "contenttypes.contenttype", "pk": 25, "fields": {"app_label": "main", "model": "smslog"}}, {"model": "sessions.session", "pk": "0jmgijhdspu0t27m0rntu3212lnifmqd", "fields": {"session_data": "e30:1lTPJm:zHUGyx8bFJPQct-tPe4QzvQkcZx3uAe77nrR5IvxiNM", "expire_date": "2021-04-19T13:31:02.438Z"}}, {"model": "sessions.session", "pk": "848s3tljli4wcawlb2sf3zbxw28jjnzq", "fields": {"session_data": "e30:1lTPM9:lDB0TKa_TSpNqsBm69cM9rBAFJd6gZZdF7EECA6mp84", "expire_date": "2021-04-19T13:33:29.177Z"}}, {"model": "sessions.session", "pk": "8tsg9lsah3v7pdhsadn45orusbqkt7uv", "fields": {"session_data": ".eJxVjEEOwiAQRe_C2hCgMBSX7j0DGZipVA0kpV0Z765NutDtf-_9l4i4rSVunZc4kzgLLU6_W8L84LoDumO9NZlbXZc5yV2RB-3y2oifl8P9OyjYy7dWZjLs9JAzAUJy5KwKiIrAk04QmNF6nyY7grHKQBidY8h6cNqCQi_eH-InNzw:1lcSbq:p52XSVk3F0G0ivLB-ZvGmDrDlZQiQwGlbfB5eP7moJY", "expire_date": "2021-05-14T12:51:06.462Z"}}, {"model": "sessions.session", "pk": "a361s3miudq8bt2s76ccbmob7yn7c3cs", "fields": {"session_data": "eyJzb2NpYWxhY2NvdW50X3N0YXRlIjpbeyJwcm9jZXNzIjoibG9naW4iLCJzY29wZSI6IiIsImF1dGhfcGFyYW1zIjoiIn0sImdDaEdQNFRXcGRPViJdfQ:1lTKaQ:2DC9e0C6Zz4yQqV03INurxW44CNCZ63REzDKmWdvXzQ", "expire_date": "2021-04-19T08:27:54.049Z"}}, {"model": "sessions.session", "pk": "gcb3kwizm3c6x55enycojm3nhavmy4pc", "fields": {"session_data": "e30:1lTPFf:Bl-34AmXByRf89fuPPtJuFCq2edkGPyXR0Sj63OtX88", "expire_date": "2021-04-19T13:26:47.622Z"}}, {"model": "sessions.session", "pk": "ib7ob8yuc3ywatybjq4mij1dv2lm1ntk", "fields": {"session_data": ".eJxVjEsOwjAMBe-SNYrqgJOUJXvOENmxSwookfpZIe4OlbqA7ZuZ9zKJ1qWkddYpjWLOBszhd2PKD60bkDvVW7O51WUa2W6K3elsr030edndv4NCc_nWsaOhRwkoJ993Ct4HispC7MEBBJLswAeOgwYE9FGJFI_RBUZG6Mz7A9-EN6Q:1lbVLT:H6mFPj3RW8Hwlo1XFe9w_OWpuNHMY2mIF_qqIhYOHKs", "expire_date": "2021-05-11T21:34:15.612Z"}}, {"model": "sessions.session", "pk": "zyo0n2zlamabf949devmhmdwoolcj7jw", "fields": {"session_data": ".eJxVjEEOwiAQRe_C2hCgMBSX7j0DGZipVA0kpV0Z765NutDtf-_9l4i4rSVunZc4kzgLLU6_W8L84LoDumO9NZlbXZc5yV2RB-3y2oifl8P9OyjYy7dWZjLs9JAzAUJy5KwKiIrAk04QmNF6nyY7grHKQBidY8h6cNqCQi_eH-InNzw:1lcpHH:3WReCijS8-oCDEpvRlynyjSPOEZSGBvIH4D9e6-C9_g", "expire_date": "2021-05-15T13:03:23.808Z"}}, {"model": "sites.site", "pk": 1, "fields": {"domain": "localhost:8000/", "name": "localhost"}}, {"model": "flatpages.flatpage", "pk": 1, "fields": {"url": "/about/", "title": "О нас", "content": "<h1>О компании</h1>\r\n\r\n<h4>Добро пожаловать на&nbsp;<a href=\"http://127.0.0.1:8000/\">Marketplace</a></h4>\r\n\r\n<h4>Реквизиты</h4>\r\n\r\n<table align=\"left\" border=\"1\" cellpadding=\"1\" cellspacing=\"1\">\r\n\t<tbody>\r\n\t\t<tr>\r\n\t\t\t<td>Полное наименование</td>\r\n\t\t\t<td>Общество с ограниченной ответственностью &laquo;Marketplace&raquo;</td>\r\n\t\t</tr>\r\n\t\t<tr>\r\n\t\t\t<td>Генеральный директор</td>\r\n\t\t\t<td>Иванов Иван Иванович</td>\r\n\t\t</tr>\r\n\t\t<tr>\r\n\t\t\t<td>Наименование банка</td>\r\n\t\t\t<td>в Банк ВТБ (ПАО), г. Санкт-Петербург</td>\r\n\t\t</tr>\r\n\t\t<tr>\r\n\t\t\t<td>Корреспондентский счет</td>\r\n\t\t\t<td>3010181070000999999</td>\r\n\t\t</tr>\r\n\t\t<tr>\r\n\t\t\t<td>БИК</td>\r\n\t\t\t<td>04452999</td>\r\n\t\t</tr>\r\n\t\t<tr>\r\n\t\t\t<td>Расчетный счет</td>\r\n\t\t\t<td>40702810500119999999</td>\r\n\t\t</tr>\r\n\t\t<tr>\r\n\t\t\t<td>ИНН</td>\r\n\t\t\t<td>779999999</td>\r\n\t\t</tr>\r\n\t\t<tr>\r\n\t\t\t<td>КПП</td>\r\n\t\t\t<td>507999999</td>\r\n\t\t</tr>\r\n\t\t<tr>\r\n\t\t\t<td>ОГРН</td>\r\n\t\t\t<td>10699999999999</td>\r\n\t\t</tr>\r\n\t\t<tr>\r\n\t\t\t<td>Юридический адреc</td>\r\n\t\t\t<td>111111, Ленинградская область, г. Санкт-Петербург, ул. Дыбенко, д.&nbsp;6, стр.&nbsp;1</td>\r\n\t\t</tr>\r\n\t</tbody>\r\n</table>\r\n\r\n<p>&nbsp;</p>\r\n\r\n<p>&nbsp;</p>\r\n\r\n<p>&nbsp;</p>\r\n\r\n<p>&nbsp;</p>\r\n\r\n<p>&nbsp;</p>\r\n\r\n<p>&nbsp;</p>\r\n\r\n<p>&nbsp;</p>\r\n\r\n<p>&nbsp;</p>\r\n\r\n<p>&nbsp;</p>\r\n\r\n<p>Мы стремимся сделать для Вас шопинг удобным и доступным</p>", "enable_comments": false, "template_name": "pages/about.html", "registration_required": false, "sites": [1]}}, {"model": "flatpages.flatpage", "pk": 2, "fields": {"url": "/contacts/", "title": "Контакты", "content": "<h2>Мы в соцсетях</h2>\r\n\r\n<ul>\r\n\t<li><a href=\"http://vk.com/Marketplace\" rel=\"nofollow noopener\" target=\"_blank\">Вконтакте</a></li>\r\n\t<li><a href=\"http://www.facebook.com/Marketplace\" rel=\"nofollow noopener\" target=\"_blank\">Facebook</a></li>\r\n\t<li><a href=\"https://twitter.com/Marketplace\" rel=\"nofollow noopener\" target=\"_blank\">Twitter</a></li>\r\n\t<li><a href=\"http://www.odnoklassniki.ru/Marketplace\" rel=\"nofollow noopener\" target=\"_blank\">Одноклассники</a></li>\r\n\t<li><a href=\"https://www.youtube.com/Marketplace\" rel=\"nofollow noopener\" target=\"_blank\">YouTube</a></li>\r\n\t<li><a href=\"http://instagram.com/Marketplace\" rel=\"nofollow noopener\" target=\"_blank\">Instagram</a></li>\r\n</ul>\r\n\r\n<h2>&nbsp;</h2>", "enable_comments": false, "template_name": "pages/contacts.html", "registration_required": false, "sites": [1]}}, {"model": "flatpages.flatpage", "pk": 3, "fields": {"url": "/pay/", "title": "Оплата", "content": "<h1>Оплата&nbsp;</h1>\r\n\r\n<p><strong>Наличная оплата</strong></p>\r\n\r\n<p><strong>Оплата банковскими картами</strong></p>\r\n\r\n<p><strong>Безналичная оплата от юридического лица</strong></p>", "enable_comments": false, "template_name": "pages/pay.html", "registration_required": false, "sites": [1]}}, {"model": "flatpages.flatpage", "pk": 4, "fields": {"url": "/delivery/", "title": "Доставка", "content": "<h1><span style=\"color:#000000\"><span style=\"background-color:#ffffff\"><strong>Стоимость доставки</strong></span></span></h1>\r\n\r\n<p><span style=\"color:#000000\"><span style=\"background-color:#ffffff\">Стоимость доставки<strong>&nbsp;в пределах Санкт-Петербурга</strong>.</span></span></p>\r\n\r\n<table border=\"1\" cellpadding=\"1\" cellspacing=\"1\" style=\"width:500px\">\r\n\t<tbody>\r\n\t\t<tr>\r\n\t\t\t<td>Авиагородок</td>\r\n\t\t\t<td>660р</td>\r\n\t\t</tr>\r\n\t\t<tr>\r\n\t\t\t<td>Агалатово</td>\r\n\t\t\t<td>1670р</td>\r\n\t\t</tr>\r\n\t\t<tr>\r\n\t\t\t<td>Александровская (Курортный р-н)</td>\r\n\t\t\t<td>1370р</td>\r\n\t\t</tr>\r\n\t\t<tr>\r\n\t\t\t<td>Александровская (Пушкинский р-н)</td>\r\n\t\t\t<td>900р</td>\r\n\t\t</tr>\r\n\t\t<tr>\r\n\t\t\t<td>Аннино</td>\r\n\t\t\t<td>990р</td>\r\n\t\t</tr>\r\n\t\t<tr>\r\n\t\t\t<td>Аннолово</td>\r\n\t\t\t<td>1760р</td>\r\n\t\t</tr>\r\n\t\t<tr>\r\n\t\t\t<td>Белоостров</td>\r\n\t\t\t<td>1790р</td>\r\n\t\t</tr>\r\n\t\t<tr>\r\n\t\t\t<td>Большая Ижора</td>\r\n\t\t\t<td>2200р</td>\r\n\t\t</tr>\r\n\t\t<tr>\r\n\t\t\t<td>Большие Колпаны</td>\r\n\t\t\t<td>2375р</td>\r\n\t\t</tr>\r\n\t\t<tr>\r\n\t\t\t<td>Большое Верево</td>\r\n\t\t\t<td>1690р</td>\r\n\t\t</tr>\r\n\t\t<tr>\r\n\t\t\t<td>Большое Верево</td>\r\n\t\t\t<td>1520р</td>\r\n\t\t</tr>\r\n\t\t<tr>\r\n\t\t\t<td>Борисова Грива</td>\r\n\t\t\t<td>2225р</td>\r\n\t\t</tr>\r\n\t\t<tr>\r\n\t\t\t<td>Бугры</td>\r\n\t\t\t<td>800р</td>\r\n\t\t</tr>\r\n\t\t<tr>\r\n\t\t\t<td>Ваганово</td>\r\n\t\t\t<td>2390р</td>\r\n\t\t</tr>\r\n\t\t<tr>\r\n\t\t\t<td>Вартемяги</td>\r\n\t\t\t<td>1250р</td>\r\n\t\t</tr>\r\n\t\t<tr>\r\n\t\t\t<td>Васкелово</td>\r\n\t\t\t<td>2290р</td>\r\n\t\t</tr>\r\n\t\t<tr>\r\n\t\t\t<td>Виллози</td>\r\n\t\t\t<td>1150р</td>\r\n\t\t</tr>\r\n\t\t<tr>\r\n\t\t\t<td>Вирки</td>\r\n\t\t\t<td>1250р</td>\r\n\t\t</tr>\r\n\t\t<tr>\r\n\t\t\t<td>Витино</td>\r\n\t\t\t<td>1910р</td>\r\n\t\t</tr>\r\n\t\t<tr>\r\n\t\t\t<td>Воейково</td>\r\n\t\t\t<td>1100р</td>\r\n\t\t</tr>\r\n\t\t<tr>\r\n\t\t\t<td>Войсковицы</td>\r\n\t\t\t<td>2750р</td>\r\n\t\t</tr>\r\n\t\t<tr>\r\n\t\t\t<td>Войскорово</td>\r\n\t\t\t<td>1590р</td>\r\n\t\t</tr>\r\n\t\t<tr>\r\n\t\t\t<td>Володарский</td>\r\n\t\t\t<td>800р</td>\r\n\t\t</tr>\r\n\t\t<tr>\r\n\t\t\t<td>Волосово</td>\r\n\t\t\t<td>3830р</td>\r\n\t\t</tr>\r\n\t\t<tr>\r\n\t\t\t<td>Всеволожск</td>\r\n\t\t\t<td>1100р</td>\r\n\t\t</tr>\r\n\t\t<tr>\r\n\t\t\t<td>Выра</td>\r\n\t\t\t<td>3720р</td>\r\n\t\t</tr>\r\n\t\t<tr>\r\n\t\t\t<td>Вырица</td>\r\n\t\t\t<td>3470р</td>\r\n\t\t</tr>\r\n\t\t<tr>\r\n\t\t\t<td>Ганино</td>\r\n\t\t\t<td>4050р</td>\r\n\t\t</tr>\r\n\t\t<tr>\r\n\t\t\t<td>Гарболово</td>\r\n\t\t\t<td>2230р</td>\r\n\t\t</tr>\r\n\t\t<tr>\r\n\t\t\t<td>Гатчина</td>\r\n\t\t\t<td>2160р</td>\r\n\t\t</tr>\r\n\t\t<tr>\r\n\t\t\t<td>Горбунки</td>\r\n\t\t\t<td>1320р</td>\r\n\t\t</tr>\r\n\t\t<tr>\r\n\t\t\t<td>Горелово</td>\r\n\t\t\t<td>900р</td>\r\n\t\t</tr>\r\n\t\t<tr>\r\n\t\t\t<td>Горьковское</td>\r\n\t\t\t<td>4050р</td>\r\n\t\t</tr>\r\n\t\t<tr>\r\n\t\t\t<td>Гостилицы</td>\r\n\t\t\t<td>1920р</td>\r\n\t\t</tr>\r\n\t\t<tr>\r\n\t\t\t<td>дер. Старая</td>\r\n\t\t\t<td>920р</td>\r\n\t\t</tr>\r\n\t\t<tr>\r\n\t\t\t<td>Дибуны</td>\r\n\t\t\t<td>1210р</td>\r\n\t\t</tr>\r\n\t\t<tr>\r\n\t\t\t<td>Дубровка</td>\r\n\t\t\t<td>1655р</td>\r\n\t\t</tr>\r\n\t\t<tr>\r\n\t\t\t<td>Жабино</td>\r\n\t\t\t<td>2315р</td>\r\n\t\t</tr>\r\n\t\t<tr>\r\n\t\t\t<td>Жилгородок</td>\r\n\t\t\t<td>1290р</td>\r\n\t\t</tr>\r\n\t\t<tr>\r\n\t\t\t<td>Жилгородок (Волосовский р-н)</td>\r\n\t\t\t<td>2855р</td>\r\n\t\t</tr>\r\n\t\t<tr>\r\n\t\t\t<td>Зайцево</td>\r\n\t\t\t<td>1340р</td>\r\n\t\t</tr>\r\n\t\t<tr>\r\n\t\t\t<td>Зеленогорск</td>\r\n\t\t\t<td>2730р</td>\r\n\t\t</tr>\r\n\t\t<tr>\r\n\t\t\t<td>Ириновка</td>\r\n\t\t\t<td>2000р</td>\r\n\t\t</tr>\r\n\t\t<tr>\r\n\t\t\t<td>Ильичево</td>\r\n\t\t\t<td>2845р</td>\r\n\t\t</tr>\r\n\t\t<tr>\r\n\t\t\t<td>Кавголово</td>\r\n\t\t\t<td>1670р</td>\r\n\t\t</tr>\r\n\t\t<tr>\r\n\t\t\t<td>Каннельярви</td>\r\n\t\t\t<td>4160р</td>\r\n\t\t</tr>\r\n\t\t<tr>\r\n\t\t\t<td>Карьер Мяглово</td>\r\n\t\t\t<td>1070р</td>\r\n\t\t</tr>\r\n\t\t<tr>\r\n\t\t\t<td>Касимово</td>\r\n\t\t\t<td>1400р</td>\r\n\t\t</tr>\r\n\t\t<tr>\r\n\t\t\t<td>Келози</td>\r\n\t\t\t<td>1800р</td>\r\n\t\t</tr>\r\n\t\t<tr>\r\n\t\t\t<td>Керро</td>\r\n\t\t\t<td>1980р</td>\r\n\t\t</tr>\r\n\t\t<tr>\r\n\t\t\t<td>Кикерино</td>\r\n\t\t\t<td>3850р</td>\r\n\t\t</tr>\r\n\t\t<tr>\r\n\t\t\t<td>Кипень</td>\r\n\t\t\t<td>1600р</td>\r\n\t\t</tr>\r\n\t\t<tr>\r\n\t\t\t<td>Кировск</td>\r\n\t\t\t<td>2010р</td>\r\n\t\t</tr>\r\n\t\t<tr>\r\n\t\t\t<td>Кобринское</td>\r\n\t\t\t<td>3280р</td>\r\n\t\t</tr>\r\n\t\t<tr>\r\n\t\t\t<td>Колпино&nbsp;</td>\r\n\t\t\t<td>1010р</td>\r\n\t\t</tr>\r\n\t\t<tr>\r\n\t\t\t<td>Колтуши</td>\r\n\t\t\t<td>990р</td>\r\n\t\t</tr>\r\n\t\t<tr>\r\n\t\t\t<td>Комарово</td>\r\n\t\t\t<td>2310р</td>\r\n\t\t</tr>\r\n\t\t<tr>\r\n\t\t\t<td>Коммунар</td>\r\n\t\t\t<td>1670р</td>\r\n\t\t</tr>\r\n\t\t<tr>\r\n\t\t\t<td>Кондакопшино</td>\r\n\t\t\t<td>1430р</td>\r\n\t\t</tr>\r\n\t\t<tr>\r\n\t\t\t<td>Красное село&nbsp;</td>\r\n\t\t\t<td>1010р</td>\r\n\t\t</tr>\r\n\t\t<tr>\r\n\t\t\t<td>Красный Маяк</td>\r\n\t\t\t<td>4060р</td>\r\n\t\t</tr>\r\n\t\t<tr>\r\n\t\t\t<td>Кривко</td>\r\n\t\t\t<td>3940р</td>\r\n\t\t</tr>\r\n\t\t<tr>\r\n\t\t\t<td>Кронштадт</td>\r\n\t\t\t<td>1790р</td>\r\n\t\t</tr>\r\n\t\t<tr>\r\n\t\t\t<td>Кудрово</td>\r\n\t\t\t<td>715р</td>\r\n\t\t</tr>\r\n\t\t<tr>\r\n\t\t\t<td>Кузьмолово</td>\r\n\t\t\t<td>1100р</td>\r\n\t\t</tr>\r\n\t\t<tr>\r\n\t\t\t<td>Кузьмоловский</td>\r\n\t\t\t<td>1090р</td>\r\n\t\t</tr>\r\n\t\t<tr>\r\n\t\t\t<td>Куйвози</td>\r\n\t\t\t<td>1980р</td>\r\n\t\t</tr>\r\n\t\t<tr>\r\n\t\t\t<td>Лаврики</td>\r\n\t\t\t<td>800р</td>\r\n\t\t</tr>\r\n\t\t<tr>\r\n\t\t\t<td>Лаголово</td>\r\n\t\t\t<td>1150р</td>\r\n\t\t</tr>\r\n\t\t<tr>\r\n\t\t\t<td>Лебяжье</td>\r\n\t\t\t<td>2460р</td>\r\n\t\t</tr>\r\n\t\t<tr>\r\n\t\t\t<td>Левашово</td>\r\n\t\t\t<td>960р</td>\r\n\t\t</tr>\r\n\t\t<tr>\r\n\t\t\t<td>Ленинское</td>\r\n\t\t\t<td>2030р</td>\r\n\t\t</tr>\r\n\t\t<tr>\r\n\t\t\t<td>Ленсоветовский</td>\r\n\t\t\t<td>900р</td>\r\n\t\t</tr>\r\n\t\t<tr>\r\n\t\t\t<td>Лесколово</td>\r\n\t\t\t<td>1700р</td>\r\n\t\t</tr>\r\n\t\t<tr>\r\n\t\t\t<td>Лемболово</td>\r\n\t\t\t<td>2340р</td>\r\n\t\t</tr>\r\n\t\t<tr>\r\n\t\t\t<td>Лисий Нос</td>\r\n\t\t\t<td>1100р</td>\r\n\t\t</tr>\r\n\t\t<tr>\r\n\t\t\t<td>Ломоносов</td>\r\n\t\t\t<td>1430р</td>\r\n\t\t</tr>\r\n\t\t<tr>\r\n\t\t\t<td>Лукаши</td>\r\n\t\t\t<td>2100р</td>\r\n\t\t</tr>\r\n\t\t<tr>\r\n\t\t\t<td>Лупполово</td>\r\n\t\t\t<td>1150р</td>\r\n\t\t</tr>\r\n\t\t<tr>\r\n\t\t\t<td>Лядино</td>\r\n\t\t\t<td>2375р</td>\r\n\t\t</tr>\r\n\t\t<tr>\r\n\t\t\t<td>Малое Карлино</td>\r\n\t\t\t<td>1070р</td>\r\n\t\t</tr>\r\n\t\t<tr>\r\n\t\t\t<td>Малое Манушкино</td>\r\n\t\t\t<td>1295р</td>\r\n\t\t</tr>\r\n\t\t<tr>\r\n\t\t\t<td>Мга</td>\r\n\t\t\t<td>3190р</td>\r\n\t\t</tr>\r\n\t\t<tr>\r\n\t\t\t<td>Медный Завод</td>\r\n\t\t\t<td>1245р</td>\r\n\t\t</tr>\r\n\t\t<tr>\r\n\t\t\t<td>Металлострой</td>\r\n\t\t\t<td>780р</td>\r\n\t\t</tr>\r\n\t\t<tr>\r\n\t\t\t<td>Мурино (Муринская дорога)</td>\r\n\t\t\t<td>800р</td>\r\n\t\t</tr>\r\n\t\t<tr>\r\n\t\t\t<td>Мшинская</td>\r\n\t\t\t<td>4960р</td>\r\n\t\t</tr>\r\n\t\t<tr>\r\n\t\t\t<td>Никольское</td>\r\n\t\t\t<td>1920р</td>\r\n\t\t</tr>\r\n\t\t<tr>\r\n\t\t\t<td>Никольское (Гатчинский р-н)</td>\r\n\t\t\t<td>2420р</td>\r\n\t\t</tr>\r\n\t\t<tr>\r\n\t\t\t<td>Новое Токсово</td>\r\n\t\t\t<td>1685р</td>\r\n\t\t</tr>\r\n\t\t<tr>\r\n\t\t\t<td>Новая Охта</td>\r\n\t\t\t<td>800р</td>\r\n\t\t</tr>\r\n\t\t<tr>\r\n\t\t\t<td>Новое Девяткино</td>\r\n\t\t\t<td>800р</td>\r\n\t\t</tr>\r\n\t\t<tr>\r\n\t\t\t<td>Новоселье</td>\r\n\t\t\t<td>1045р</td>\r\n\t\t</tr>\r\n\t\t<tr>\r\n\t\t\t<td>Новый Оккервиль</td>\r\n\t\t\t<td>715р</td>\r\n\t\t</tr>\r\n\t\t<tr>\r\n\t\t\t<td>Ольгино</td>\r\n\t\t\t<td>940р</td>\r\n\t\t</tr>\r\n\t\t<tr>\r\n\t\t\t<td>Осиновая роща</td>\r\n\t\t\t<td>760р</td>\r\n\t\t</tr>\r\n\t\t<tr>\r\n\t\t\t<td>Отрадное</td>\r\n\t\t\t<td>1620р</td>\r\n\t\t</tr>\r\n\t\t<tr>\r\n\t\t\t<td>Павловск</td>\r\n\t\t\t<td>1100р</td>\r\n\t\t</tr>\r\n\t\t<tr>\r\n\t\t\t<td>Парголово</td>\r\n\t\t\t<td>660р</td>\r\n\t\t</tr>\r\n\t\t<tr>\r\n\t\t\t<td>Песочный</td>\r\n\t\t\t<td>975р</td>\r\n\t\t</tr>\r\n\t\t<tr>\r\n\t\t\t<td>Петродворец</td>\r\n\t\t\t<td>1040р</td>\r\n\t\t</tr>\r\n\t\t<tr>\r\n\t\t\t<td>Петро-Славянка</td>\r\n\t\t\t<td>660р</td>\r\n\t\t</tr>\r\n\t\t<tr>\r\n\t\t\t<td>Понтонный</td>\r\n\t\t\t<td>900р</td>\r\n\t\t</tr>\r\n\t\t<tr>\r\n\t\t\t<td>пос. им. Морозова</td>\r\n\t\t\t<td>2290р</td>\r\n\t\t</tr>\r\n\t\t<tr>\r\n\t\t\t<td>пос. им. Свердлова</td>\r\n\t\t\t<td>900р</td>\r\n\t\t</tr>\r\n\t\t<tr>\r\n\t\t\t<td>Проба</td>\r\n\t\t\t<td>1685р</td>\r\n\t\t</tr>\r\n\t\t<tr>\r\n\t\t\t<td>Пушкин&nbsp;</td>\r\n\t\t\t<td>1100р</td>\r\n\t\t</tr>\r\n\t\t<tr>\r\n\t\t\t<td>Разметелево</td>\r\n\t\t\t<td>1040р</td>\r\n\t\t</tr>\r\n\t\t<tr>\r\n\t\t\t<td>Рахья</td>\r\n\t\t\t<td>1965р</td>\r\n\t\t</tr>\r\n\t\t<tr>\r\n\t\t\t<td>Репино</td>\r\n\t\t\t<td>2100р</td>\r\n\t\t</tr>\r\n\t\t<tr>\r\n\t\t\t<td>Рождественно</td>\r\n\t\t\t<td>3700р</td>\r\n\t\t</tr>\r\n\t\t<tr>\r\n\t\t\t<td>Романовка</td>\r\n\t\t\t<td>1400р</td>\r\n\t\t</tr>\r\n\t\t<tr>\r\n\t\t\t<td>Ропша</td>\r\n\t\t\t<td>1700р</td>\r\n\t\t</tr>\r\n\t\t<tr>\r\n\t\t\t<td>Рощино</td>\r\n\t\t\t<td>3280р</td>\r\n\t\t</tr>\r\n\t\t<tr>\r\n\t\t\t<td>Сельцо</td>\r\n\t\t\t<td>2550р</td>\r\n\t\t</tr>\r\n\t\t<tr>\r\n\t\t\t<td>Сергиево (Володарский)</td>\r\n\t\t\t<td>800р</td>\r\n\t\t</tr>\r\n\t\t<tr>\r\n\t\t\t<td>Сертолово</td>\r\n\t\t\t<td>1000р</td>\r\n\t\t</tr>\r\n\t\t<tr>\r\n\t\t\t<td>Сестрорецк</td>\r\n\t\t\t<td>1610р</td>\r\n\t\t</tr>\r\n\t\t<tr>\r\n\t\t\t<td>Синявино</td>\r\n\t\t\t<td>2015р</td>\r\n\t\t</tr>\r\n\t\t<tr>\r\n\t\t\t<td>Славянка (жилой район)&nbsp;</td>\r\n\t\t\t<td>1100р</td>\r\n\t\t</tr>\r\n\t\t<tr>\r\n\t\t\t<td>Сосново (Приозерский р-н)</td>\r\n\t\t\t<td>3100р</td>\r\n\t\t</tr>\r\n\t\t<tr>\r\n\t\t\t<td>Сосновый бор</td>\r\n\t\t\t<td>3830р</td>\r\n\t\t</tr>\r\n\t\t<tr>\r\n\t\t\t<td>Стрельна</td>\r\n\t\t\t<td>820р</td>\r\n\t\t</tr>\r\n\t\t<tr>\r\n\t\t\t<td>Сяськелово</td>\r\n\t\t\t<td>2540р</td>\r\n\t\t</tr>\r\n\t\t<tr>\r\n\t\t\t<td>Тайцы</td>\r\n\t\t\t<td>1670р</td>\r\n\t\t</tr>\r\n\t\t<tr>\r\n\t\t\t<td>Тельмана</td>\r\n\t\t\t<td>1010р</td>\r\n\t\t</tr>\r\n\t\t<tr>\r\n\t\t\t<td>Тихковицы</td>\r\n\t\t\t<td>2690р</td>\r\n\t\t</tr>\r\n\t\t<tr>\r\n\t\t\t<td>Токсово</td>\r\n\t\t\t<td>1370р</td>\r\n\t\t</tr>\r\n\t\t<tr>\r\n\t\t\t<td>Торфяное</td>\r\n\t\t\t<td>1970р</td>\r\n\t\t</tr>\r\n\t\t<tr>\r\n\t\t\t<td>Тосно</td>\r\n\t\t\t<td>2530р</td>\r\n\t\t</tr>\r\n\t\t<tr>\r\n\t\t\t<td>Тярлево</td>\r\n\t\t\t<td>1100р</td>\r\n\t\t</tr>\r\n\t\t<tr>\r\n\t\t\t<td>Ульяновка</td>\r\n\t\t\t<td>1880р</td>\r\n\t\t</tr>\r\n\t\t<tr>\r\n\t\t\t<td>Усть-Ижора</td>\r\n\t\t\t<td>660р</td>\r\n\t\t</tr>\r\n\t\t<tr>\r\n\t\t\t<td>Хапо-Ое</td>\r\n\t\t\t<td>1115р</td>\r\n\t\t</tr>\r\n\t\t<tr>\r\n\t\t\t<td>Шлиссельбург</td>\r\n\t\t\t<td>2060р</td>\r\n\t\t</tr>\r\n\t\t<tr>\r\n\t\t\t<td>Шушары&nbsp;</td>\r\n\t\t\t<td>660р</td>\r\n\t\t</tr>\r\n\t\t<tr>\r\n\t\t\t<td>Шушары (Пулковское)</td>\r\n\t\t\t<td>900р</td>\r\n\t\t</tr>\r\n\t\t<tr>\r\n\t\t\t<td>Юкки</td>\r\n\t\t\t<td>760р</td>\r\n\t\t</tr>\r\n\t\t<tr>\r\n\t\t\t<td>Юнтолово (жилой район)</td>\r\n\t\t\t<td>950р</td>\r\n\t\t</tr>\r\n\t\t<tr>\r\n\t\t\t<td>Янино-1</td>\r\n\t\t\t<td>660р</td>\r\n\t\t</tr>\r\n\t\t<tr>\r\n\t\t\t<td>Янино-2</td>\r\n\t\t\t<td>900р</td>\r\n\t\t</tr>\r\n\t\t<tr>\r\n\t\t\t<td>&nbsp;</td>\r\n\t\t\t<td>&nbsp;</td>\r\n\t\t</tr>\r\n\t\t<tr>\r\n\t\t\t<td>&nbsp;</td>\r\n\t\t\t<td>&nbsp;</td>\r\n\t\t</tr>\r\n\t</tbody>\r\n</table>\r\n\r\n<p><strong>Доставка в другие регионы России</strong><br />\r\n<br />\r\n<strong>Мы осуществляем доставку в регионы России через транспортные компании (ТК) только при оплате от юридического лица!</strong><br />\r\n&nbsp;</p>", "enable_comments": false, "template_name": "pages/delivery.html", "registration_required": false, "sites": [1]}}, {"model": "socialaccount.socialapp", "pk": 1, "fields": {"provider": "google", "name": "google-login", "client_id": "50421132221-83u2710vnufnks2d47ne0k4nmebhugec.apps.googleusercontent.com", "secret": "pzuU1f6HhbrGdWr3JXXCcFDf", "key": "", "sites": [1]}}, {"model": "socialaccount.socialaccount", "pk": 1, "fields": {"user": 2, "provider": "google", "uid": "113043105384670025674", "last_login": "2021-04-05T13:10:56.207Z", "date_joined": "2021-04-05T08:39:06.559Z", "extra_data": "{\"id\": \"113043105384670025674\", \"name\": \"\\u0421\\u0432\\u0435\\u0442\\u043b\\u0430\\u043d\\u0430 \\u041a\\u0443\\u0434\\u0438\\u043d\\u043e\\u0432\\u0430\", \"given_name\": \"\\u0421\\u0432\\u0435\\u0442\\u043b\\u0430\\u043d\\u0430\", \"family_name\": \"\\u041a\\u0443\\u0434\\u0438\\u043d\\u043e\\u0432\\u0430\", \"picture\": \"https://lh6.googleusercontent.com/-MeXW3v2zyQQ/AAAAAAAAAAI/AAAAAAAAAAA/AMZuuclEQmQYDOOxOH0jOSWkiQtMrF6phA/s96-c/photo.jpg\", \"locale\": \"ru\"}"}}, {"model": "socialaccount.socialtoken", "pk": 1, "fields": {"app": 1, "account": 1, "token": "ya29.a0AfH6SMCwEeo1eVH3tFn6JAJnJmunESriiw9xR4zIhrUsBDV4_2ovbTj1aTa1Pd8bpO4uYR8sGPE-yinlIkbMjfjczpgY5-dfWFvy3v5cXtRn90HtTU_zVN9WpFuf6IZAKZkUiO_NSphCcLY568BeXKi3YCWHtA", "token_secret": "", "expires_at": "2021-04-05T14:10:55.149Z"}}, {"model": "thumbnail.kvstore", "pk": "sorl-thumbnail||image||1bdbff7be0dc2650a2f2f1451607a0b9", "fields": {"value": "{\"name\": \"cache/df/f9/dff98d432c408a6e45a4f94b17323bee.jpg\", \"storage\": \"django.core.files.storage.FileSystemStorage\", \"size\": [300, 400]}"}}, {"model": "thumbnail.kvstore", "pk": "sorl-thumbnail||image||20f248646cb4420cd886516a2b2d3349", "fields": {"value": "{\"name\": \"images/16818574.png\", \"storage\": \"django.core.files.storage.FileSystemStorage\", \"size\": [900, 1200]}"}}, {"model": "thumbnail.kvstore", "pk": "sorl-thumbnail||image||36fa57bfd5de4638a9378ab753463f4e", "fields": {"value": "{\"name\": \"cache/25/49/2549ed60e36f26ddb8efee466421c152.jpg\", \"storage\": \"django.core.files.storage.FileSystemStorage\", \"size\": [300, 400]}"}}, {"model": "thumbnail.kvstore", "pk": "sorl-thumbnail||image||4d95769cf00f58825df43d753ef8b49d", "fields": {"value": "{\"name\": \"cache/60/95/609583a5373acd4a92366a2486db034e.jpg\", \"storage\": \"django.core.files.storage.FileSystemStorage\", \"size\": [300, 400]}"}}, {"model": "thumbnail.kvstore", "pk": "sorl-thumbnail||image||64a0f3950f108534af389aa2da8047f0", "fields": {"value": "{\"name\": \"cache/6c/eb/6ceb75e12b2bf2f98abdda88d002f8e8.jpg\", \"storage\": \"django.core.files.storage.FileSystemStorage\", \"size\": [300, 400]}"}}, {"model": "thumbnail.kvstore", "pk": "sorl-thumbnail||image||6c2ae056846cde3761fdecba2d08d823", "fields": {"value": "{\"name\": \"images/18983808.png\", \"storage\": \"django.core.files.storage.FileSystemStorage\", \"size\": [900, 1200]}"}}, {"model": "thumbnail.kvstore", "pk": "sorl-thumbnail||image||7a29400dc0b7ecf37f987d55b826cce1", "fields": {"value": "{\"name\": \"images/14095912_c0tZImM.png\", \"storage\": \"django.core.files.storage.FileSystemStorage\", \"size\": [900, 1200]}"}}, {"model": "thumbnail.kvstore", "pk": "sorl-thumbnail||image||825edcd185df3dae1bb62ceba870b40f", "fields": {"value": "{\"name\": \"images/12155730.png\", \"storage\": \"django.core.files.storage.FileSystemStorage\", \"size\": [900, 1200]}"}}, {"model": "thumbnail.kvstore", "pk": "sorl-thumbnail||image||9685a3173b9ed9fc70ee7584b64d8eaf", "fields": {"value": "{\"name\": \"images/7345879_eiYUqyB.jpg\", \"storage\": \"django.core.files.storage.FileSystemStorage\", \"size\": [516, 688]}"}}, {"model": "thumbnail.kvstore", "pk": "sorl-thumbnail||image||9f94753b034674725c22f71a4328e41d", "fields": {"value": "{\"name\": \"users/user-photo.jpg\", \"storage\": \"django.core.files.storage.FileSystemStorage\", \"size\": [200, 200]}"}}, {"model": "thumbnail.kvstore", "pk": "sorl-thumbnail||image||a0dbf254c6b0c0c7bc625db65937537f", "fields": {"value": "{\"name\": \"images/9123723_T3qSfcd.png\", \"storage\": \"django.core.files.storage.FileSystemStorage\", \"size\": [900, 1200]}"}}, {"model": "thumbnail.kvstore", "pk": "sorl-thumbnail||image||a9c1765b2cbf220755ba09b8d0162ff6", "fields": {"value": "{\"name\": \"cache/bf/58/bf589512bbb10ee558e5c9daafba0ae6.jpg\", \"storage\": \"django.core.files.storage.FileSystemStorage\", \"size\": [300, 400]}"}}, {"model": "thumbnail.kvstore", "pk": "sorl-thumbnail||image||ad7013aa7f4076b22369af134e710f47", "fields": {"value": "{\"name\": \"images/12429982_nBpl14u.jpg\", \"storage\": \"django.core.files.storage.FileSystemStorage\", \"size\": [75, 100]}"}}, {"model": "thumbnail.kvstore", "pk": "sorl-thumbnail||image||b2b8c2255a4a3299e8d8cbfeee604934", "fields": {"value": "{\"name\": \"images/9123723_oyIBm0A.png\", \"storage\": \"django.core.files.storage.FileSystemStorage\", \"size\": [900, 1200]}"}}, {"model": "thumbnail.kvstore", "pk": "sorl-thumbnail||image||b64a98a88edc63473b000305d3ddaf70", "fields": {"value": "{\"name\": \"cache/72/e0/72e06bbb36a574804926c9d189018bd4.jpg\", \"storage\": \"django.core.files.storage.FileSystemStorage\", \"size\": [300, 400]}"}}, {"model": "thumbnail.kvstore", "pk": "sorl-thumbnail||image||c3dcc88ecbb10820e9b25b8ef841f322", "fields": {"value": "{\"name\": \"cache/07/c3/07c39c377056ea8fd29faa7d631b08c4.jpg\", \"storage\": \"django.core.files.storage.FileSystemStorage\", \"size\": [40, 40]}"}}, {"model": "thumbnail.kvstore", "pk": "sorl-thumbnail||image||c917713437f22b7ec6871b36ef1db39d", "fields": {"value": "{\"name\": \"cache/ee/3f/ee3f80a6e013bd3f65352c6e7083b9b6.jpg\", \"storage\": \"django.core.files.storage.FileSystemStorage\", \"size\": [300, 400]}"}}, {"model": "thumbnail.kvstore", "pk": "sorl-thumbnail||image||db9030cd04378a7631033917ff0e9309", "fields": {"value": "{\"name\": \"cache/e0/a4/e0a409a7535071e270e1a96eb26f0dc5.jpg\", \"storage\": \"django.core.files.storage.FileSystemStorage\", \"size\": [100, 100]}"}}, {"model": "thumbnail.kvstore", "pk": "sorl-thumbnail||image||e5e26ab167431afef0060c34eb28949b", "fields": {"value": "{\"name\": \"cache/07/e5/07e574a9c2e36329b667a5826fc6d5b3.jpg\", \"storage\": \"django.core.files.storage.FileSystemStorage\", \"size\": [300, 400]}"}}, {"model": "thumbnail.kvstore", "pk": "sorl-thumbnail||image||f6c228bc3fcede703f6a516e75bf9415", "fields": {"value": "{\"name\": \"images/9123723_aSa1IeD.png\", \"storage\": \"django.core.files.storage.FileSystemStorage\", \"size\": [900, 1200]}"}}, {"model": "thumbnail.kvstore", "pk": "sorl-thumbnail||image||fb3274f66d89c19dfef8b5e3ecb1ea3d", "fields": {"value": "{\"name\": \"cache/6b/94/6b948aa3bb1fafd37b1d141bf09c32e6.jpg\", \"storage\": \"django.core.files.storage.FileSystemStorage\", \"size\": [300, 400]}"}}, {"model": "thumbnail.kvstore", "pk": "sorl-thumbnail||thumbnails||20f248646cb4420cd886516a2b2d3349", "fields": {"value": "[\"4d95769cf00f58825df43d753ef8b49d\"]"}}, {"model": "thumbnail.kvstore", "pk": "sorl-thumbnail||thumbnails||6c2ae056846cde3761fdecba2d08d823", "fields": {"value": "[\"36fa57bfd5de4638a9378ab753463f4e\"]"}}, {"model": "thumbnail.kvstore", "pk": "sorl-thumbnail||thumbnails||7a29400dc0b7ecf37f987d55b826cce1", "fields": {"value": "[\"b64a98a88edc63473b000305d3ddaf70\"]"}}, {"model": "thumbnail.kvstore", "pk": "sorl-thumbnail||thumbnails||825edcd185df3dae1bb62ceba870b40f", "fields": {"value": "[\"e5e26ab167431afef0060c34eb28949b\"]"}}, {"model": "thumbnail.kvstore", "pk": "sorl-thumbnail||thumbnails||9685a3173b9ed9fc70ee7584b64d8eaf", "fields": {"value": "[\"1bdbff7be0dc2650a2f2f1451607a0b9\"]"}}, {"model": "thumbnail.kvstore", "pk": "sorl-thumbnail||thumbnails||9f94753b034674725c22f71a4328e41d", "fields": {"value": "[\"c3dcc88ecbb10820e9b25b8ef841f322\", \"db9030cd04378a7631033917ff0e9309\"]"}}, {"model": "thumbnail.kvstore", "pk": "sorl-thumbnail||thumbnails||a0dbf254c6b0c0c7bc625db65937537f", "fields": {"value": "[\"fb3274f66d89c19dfef8b5e3ecb1ea3d\"]"}}, {"model": "thumbnail.kvstore", "pk": "sorl-thumbnail||thumbnails||ad7013aa7f4076b22369af134e710f47", "fields": {"value": "[\"a9c1765b2cbf220755ba09b8d0162ff6\"]"}}, {"model": "thumbnail.kvstore", "pk": "sorl-thumbnail||thumbnails||b2b8c2255a4a3299e8d8cbfeee604934", "fields": {"value": "[\"64a0f3950f108534af389aa2da8047f0\"]"}}, {"model": "thumbnail.kvstore", "pk": "sorl-thumbnail||thumbnails||f6c228bc3fcede703f6a516e75bf9415", "fields": {"value": "[\"c917713437f22b7ec6871b36ef1db39d\"]"}}, {"model": "django_apscheduler.djangojob", "pk": "main.views.send_subscrib_mail_about_new_goods", "fields": {"next_run_time": "2021-04-19T09:00:00Z", "job_state": "gAWVZwQAAAAAAAB9lCiMB3ZlcnNpb26USwGMAmlklIwtbWFpbi52aWV3cy5zZW5kX3N1YnNjcmliX21haWxfYWJvdXRfbmV3X2dvb2RzlIwEZnVuY5SMLW1haW4udmlld3M6c2VuZF9zdWJzY3JpYl9tYWlsX2Fib3V0X25ld19nb29kc5SMB3RyaWdnZXKUjBlhcHNjaGVkdWxlci50cmlnZ2Vycy5jcm9ulIwLQ3JvblRyaWdnZXKUk5QpgZR9lChoAUsCjAh0aW1lem9uZZSMBHB5dHqUjAJfcJSTlCiMDUV1cm9wZS9Nb3Njb3eUTSgjSwCMA0xNVJR0lFKUjApzdGFydF9kYXRllE6MCGVuZF9kYXRllE6MBmZpZWxkc5RdlCiMIGFwc2NoZWR1bGVyLnRyaWdnZXJzLmNyb24uZmllbGRzlIwJQmFzZUZpZWxklJOUKYGUfZQojARuYW1llIwEeWVhcpSMCmlzX2RlZmF1bHSUiIwLZXhwcmVzc2lvbnOUXZSMJWFwc2NoZWR1bGVyLnRyaWdnZXJzLmNyb24uZXhwcmVzc2lvbnOUjA1BbGxFeHByZXNzaW9ulJOUKYGUfZSMBHN0ZXCUTnNiYXViaBiMCk1vbnRoRmllbGSUk5QpgZR9lChoHYwFbW9udGiUaB+IaCBdlGgkKYGUfZRoJ05zYmF1YmgYjA9EYXlPZk1vbnRoRmllbGSUk5QpgZR9lChoHYwDZGF5lGgfiGggXZRoJCmBlH2UaCdOc2JhdWJoGIwJV2Vla0ZpZWxklJOUKYGUfZQoaB2MBHdlZWuUaB+IaCBdlGgkKYGUfZRoJ05zYmF1YmgYjA5EYXlPZldlZWtGaWVsZJSTlCmBlH2UKGgdjAtkYXlfb2Zfd2Vla5RoH4loIF2UaCKMFldlZWtkYXlSYW5nZUV4cHJlc3Npb26Uk5QpgZR9lChoJ06MBWZpcnN0lEsAjARsYXN0lEsAdWJhdWJoGimBlH2UKGgdjARob3VylGgfiWggXZRoIowPUmFuZ2VFeHByZXNzaW9ulJOUKYGUfZQoaCdOaEpLDGhLSwx1YmF1YmgaKYGUfZQoaB2MBm1pbnV0ZZRoH4loIF2UaFEpgZR9lChoJ05oSksAaEtLAHViYXViaBopgZR9lChoHYwGc2Vjb25klGgfiWggXZRoUSmBlH2UKGgnTmhKSwBoS0sAdWJhdWJljAZqaXR0ZXKUTnVijAhleGVjdXRvcpSMB2RlZmF1bHSUjARhcmdzlCmMBmt3YXJnc5R9lGgdjCJzZW5kX3N1YnNjcmliX21haWxfYWJvdXRfbmV3X2dvb2RzlIwSbWlzZmlyZV9ncmFjZV90aW1llEsBjAhjb2FsZXNjZZSIjA1tYXhfaW5zdGFuY2VzlEsBjA1uZXh0X3J1bl90aW1llIwIZGF0ZXRpbWWUjAhkYXRldGltZZSTlEMKB+UEEwwAAAAAAJRoDyhoEE0wKksAjANNU0uUdJRSlIaUUpR1Lg=="}}, {"model": "django_apscheduler.djangojobexecution", "pk": 1, "fields": {"job": "main.views.send_subscrib_mail_about_new_goods", "status": "Executed", "run_time": "2021-04-10T14:33:31.551Z", "duration": "0.09", "finished": "1618065211.65", "exception": null, "traceback": null}}, {"model": "django_apscheduler.djangojobexecution", "pk": 2, "fields": {"job": "main.views.send_subscrib_mail_about_new_goods", "status": "Executed", "run_time": "2021-04-10T14:33:32.551Z", "duration": "0.16", "finished": "1618065212.71", "exception": null, "traceback": null}}, {"model": "django_apscheduler.djangojobexecution", "pk": 3, "fields": {"job": "main.views.send_subscrib_mail_about_new_goods", "status": "Executed", "run_time": "2021-04-10T14:33:33.551Z", "duration": "0.11", "finished": "1618065213.66", "exception": null, "traceback": null}}, {"model": "django_apscheduler.djangojobexecution", "pk": 4, "fields": {"job": "main.views.send_subscrib_mail_about_new_goods", "status": "Executed", "run_time": "2021-04-10T14:33:34.551Z", "duration": "0.07", "finished": "1618065214.62", "exception": null, "traceback": null}}, {"model": "django_apscheduler.djangojobexecution", "pk": 5, "fields": {"job": "main.views.send_subscrib_mail_about_new_goods", "status": "Executed", "run_time": "2021-04-10T14:33:35.551Z", "duration": "0.15", "finished": "1618065215.70", "exception": null, "traceback": null}}, {"model": "django_apscheduler.djangojobexecution", "pk": 6, "fields": {"job": "main.views.send_subscrib_mail_about_new_goods", "status": "Executed", "run_time": "2021-04-10T14:44:56.551Z", "duration": "0.73", "finished": "1618065897.28", "exception": null, "traceback": null}}, {"model": "django_apscheduler.djangojobexecution", "pk": 7, "fields": {"job": "main.views.send_subscrib_mail_about_new_goods", "status": "Executed", "run_time": "2021-04-10T14:44:57.551Z", "duration": "0.07", "finished": "1618065897.62", "exception": null, "traceback": null}}, {"model": "django_apscheduler.djangojobexecution", "pk": 8, "fields": {"job": "main.views.send_subscrib_mail_about_new_goods", "status": "Executed", "run_time": "2021-04-10T14:44:58.551Z", "duration": "0.04", "finished": "1618065898.59", "exception": null, "traceback": null}}, {"model": "django_apscheduler.djangojobexecution", "pk": 9, "fields": {"job": "main.views.send_subscrib_mail_about_new_goods", "status": "Executed", "run_time": "2021-04-10T14:49:45.551Z", "duration": "0.44", "finished": "1618066185.99", "exception": null, "traceback": null}}, {"model": "django_apscheduler.djangojobexecution", "pk": 10, "fields": {"job": "main.views.send_subscrib_mail_about_new_goods", "status": "Executed", "run_time": "2021-04-10T14:49:46.551Z", "duration": "0.07", "finished": "1618066186.62", "exception": null, "traceback": null}}, {"model": "django_apscheduler.djangojobexecution", "pk": 11, "fields": {"job": "main.views.send_subscrib_mail_about_new_goods", "status": "Executed", "run_time": "2021-04-10T14:49:47.551Z", "duration": "0.06", "finished": "1618066187.61", "exception": null, "traceback": null}}, {"model": "django_apscheduler.djangojobexecution", "pk": 12, "fields": {"job": "main.views.send_subscrib_mail_about_new_goods", "status": "Executed", "run_time": "2021-04-10T14:51:00.551Z", "duration": "0.25", "finished": "1618066260.80", "exception": null, "traceback": null}}, {"model": "django_apscheduler.djangojobexecution", "pk": 13, "fields": {"job": "main.views.send_subscrib_mail_about_new_goods", "status": "Executed", "run_time": "2021-04-10T14:51:01.551Z", "duration": "0.03", "finished": "1618066261.58", "exception": null, "traceback": null}}, {"model": "django_apscheduler.djangojobexecution", "pk": 14, "fields": {"job": "main.views.send_subscrib_mail_about_new_goods", "status": "Executed", "run_time": "2021-04-10T14:51:02.551Z", "duration": "0.06", "finished": "1618066262.61", "exception": null, "traceback": null}}, {"model": "django_apscheduler.djangojobexecution", "pk": 15, "fields": {"job": "main.views.send_subscrib_mail_about_new_goods", "status": "Executed", "run_time": "2021-04-10T14:51:03.551Z", "duration": "0.06", "finished": "1618066263.61", "exception": null, "traceback": null}}, {"model": "django_apscheduler.djangojobexecution", "pk": 16, "fields": {"job": "main.views.send_subscrib_mail_about_new_goods", "status": "Executed", "run_time": "2021-04-10T14:51:04.551Z", "duration": "0.10", "finished": "1618066264.65", "exception": null, "traceback": null}}, {"model": "django_apscheduler.djangojobexecution", "pk": 17, "fields": {"job": "main.views.send_subscrib_mail_about_new_goods", "status": "Executed", "run_time": "2021-04-10T14:51:05.551Z", "duration": "0.09", "finished": "1618066265.64", "exception": null, "traceback": null}}, {"model": "django_apscheduler.djangojobexecution", "pk": 18, "fields": {"job": "main.views.send_subscrib_mail_about_new_goods", "status": "Executed", "run_time": "2021-04-10T14:51:06.551Z", "duration": "0.05", "finished": "1618066266.60", "exception": null, "traceback": null}}, {"model": "django_apscheduler.djangojobexecution", "pk": 19, "fields": {"job": "main.views.send_subscrib_mail_about_new_goods", "status": "Executed", "run_time": "2021-04-10T14:53:46.551Z", "duration": "0.42", "finished": "1618066426.97", "exception": null, "traceback": null}}, {"model": "django_apscheduler.djangojobexecution", "pk": 20, "fields": {"job": "main.views.send_subscrib_mail_about_new_goods", "status": "Executed", "run_time": "2021-04-10T14:53:47.551Z", "duration": "0.07", "finished": "1618066427.62", "exception": null, "traceback": null}}, {"model": "django_apscheduler.djangojobexecution", "pk": 21, "fields": {"job": "main.views.send_subscrib_mail_about_new_goods", "status": "Executed", "run_time": "2021-04-10T14:53:48.551Z", "duration": "0.08", "finished": "1618066428.63", "exception": null, "traceback": null}}, {"model": "django_apscheduler.djangojobexecution", "pk": 22, "fields": {"job": "main.views.send_subscrib_mail_about_new_goods", "status": "Executed", "run_time": "2021-04-10T14:53:49.551Z", "duration": "0.07", "finished": "1618066429.62", "exception": null, "traceback": null}}, {"model": "django_apscheduler.djangojobexecution", "pk": 23, "fields": {"job": "main.views.send_subscrib_mail_about_new_goods", "status": "Executed", "run_time": "2021-04-10T14:53:50.551Z", "duration": "0.06", "finished": "1618066430.61", "exception": null, "traceback": null}}, {"model": "django_apscheduler.djangojobexecution", "pk": 24, "fields": {"job": "main.views.send_subscrib_mail_about_new_goods", "status": "Executed", "run_time": "2021-04-10T14:53:51.551Z", "duration": "0.07", "finished": "1618066431.62", "exception": null, "traceback": null}}, {"model": "django_apscheduler.djangojobexecution", "pk": 25, "fields": {"job": "main.views.send_subscrib_mail_about_new_goods", "status": "Executed", "run_time": "2021-04-12T09:00:00Z", "duration": "0.10", "finished": "1618218000.10", "exception": null, "traceback": null}}, {"model": "main.seller", "pk": 1, "fields": {"seller_name": "Одежда", "mode": "ИП", "inn": "123456789", "boss_name": "Иванов И.И.", "okpo": "15465464", "ogrnip": "65456465", "email": "ivanov@mail.ru", "date_create": "2021-03-25T11:32:05.830Z", "date_update": "2021-03-25T11:32:05.830Z", "user": null}}, {"model": "main.seller", "pk": 4, "fields": {"seller_name": "Бытовая фирма", "mode": "ИП", "inn": "546454", "boss_name": "546564564", "okpo": "564564654", "ogrnip": "564654564564", "email": "Петров П.П.", "date_create": "2021-03-25T11:32:05.830Z", "date_update": "2021-03-25T11:32:05.830Z", "user": 8}}, {"model": "main.seller", "pk": 5, "fields": {"seller_name": "test seller", "mode": "test", "inn": "9634", "boss_name": "<factory.faker.Faker object at 0x000002B3F3782130>", "okpo": "2058", "ogrnip": "598", "email": "test@test,ru", "date_create": "2021-04-27T17:17:16.473Z", "date_update": "2021-04-27T17:17:16.473Z", "user": null}}, {"model": "main.seller", "pk": 6, "fields": {"seller_name": "test seller", "mode": "test", "inn": "6695", "boss_name": "<factory.faker.Faker object at 0x00000172F82CFCD0>", "okpo": "269", "ogrnip": "4671", "email": "test@test,ru", "date_create": "2021-04-27T17:17:32.748Z", "date_update": "2021-04-27T17:17:32.748Z", "user": null}}, {"model": "main.seller", "pk": 7, "fields": {"seller_name": "test seller", "mode": "test", "inn": "7540", "boss_name": "<factory.faker.Faker object at 0x00000152CFB3F730>", "okpo": "3435", "ogrnip": "8151", "email": "test@test,ru", "date_create": "2021-04-27T17:19:28.444Z", "date_update": "2021-04-27T17:19:28.444Z", "user": null}}, {"model": "main.seller", "pk": 8, "fields": {"seller_name": "test seller", "mode": "test", "inn": "6347", "boss_name": "<factory.faker.Faker object at 0x00000150B850EF70>", "okpo": "6089", "ogrnip": "8302", "email": "test@test,ru", "date_create": "2021-04-27T17:20:41.202Z", "date_update": "2021-04-27T17:20:41.202Z", "user": null}}, {"model": "main.seller", "pk": 9, "fields": {"seller_name": "test seller", "mode": "test", "inn": "8454", "boss_name": "<factory.faker.Faker object at 0x0000022DF96DBC70>", "okpo": "3960", "ogrnip": "5162", "email": "test@test.ru", "date_create": "2021-04-27T18:50:57.153Z", "date_update": "2021-04-27T18:50:57.153Z", "user": null}}, {"model": "main.tag", "pk": 1, "fields": {"tag_name": "Одежда", "date_create": null, "date_update": null}}, {"model": "main.tag", "pk": 2, "fields": {"tag_name": "Брюки", "date_create": null, "date_update": null}}, {"model": "main.tag", "pk": 3, "fields": {"tag_name": "Бытовая техника", "date_create": null, "date_update": null}}, {"model": "main.tag", "pk": 6, "fields": {"tag_name": "test tag", "date_create": "2021-04-27T08:11:41.219Z", "date_update": "2021-04-27T08:11:41.219Z"}}, {"model": "main.tag", "pk": 7, "fields": {"tag_name": "test tag", "date_create": "2021-04-27T17:17:16.403Z", "date_update": "2021-04-27T17:17:16.403Z"}}, {"model": "main.tag", "pk": 8, "fields": {"tag_name": "test tag", "date_create": "2021-04-27T17:17:32.679Z", "date_update": "2021-04-27T17:17:32.679Z"}}, {"model": "main.tag", "pk": 9, "fields": {"tag_name": "test tag", "date_create": "2021-04-27T17:19:28.368Z", "date_update": "2021-04-27T17:19:28.368Z"}}, {"model": "main.tag", "pk": 10, "fields": {"tag_name": "test tag", "date_create": "2021-04-27T17:20:41.125Z", "date_update": "2021-04-27T17:20:41.125Z"}}, {"model": "main.tag", "pk": 11, "fields": {"tag_name": "test tag", "date_create": "2021-04-27T18:44:29.259Z", "date_update": "2021-04-27T18:44:29.259Z"}}, {"model": "main.tag", "pk": 12, "fields": {"tag_name": "test tag", "date_create": "2021-04-27T18:44:59.985Z", "date_update": "2021-04-27T18:44:59.985Z"}}, {"model": "main.tag", "pk": 13, "fields": {"tag_name": "test tag", "date_create": "2021-04-27T18:47:01.134Z", "date_update": "2021-04-27T18:47:01.134Z"}}, {"model": "main.tag", "pk": 14, "fields": {"tag_name": "test tag", "date_create": "2021-04-27T18:48:37.478Z", "date_update": "2021-04-27T18:48:37.478Z"}}, {"model": "main.tag", "pk": 15, "fields": {"tag_name": "test tag", "date_create": "2021-04-27T18:48:59.355Z", "date_update": "2021-04-27T18:48:59.355Z"}}, {"model": "main.tag", "pk": 16, "fields": {"tag_name": "test tag", "date_create": "2021-04-27T18:50:57.088Z", "date_update": "2021-04-27T18:50:57.088Z"}}, {"model": "main.category", "pk": 1, "fields": {"category_name": "Бытовая техника", "slug": "bitovayatehnika", "date_create": "2021-03-25T10:29:23.693Z", "date_update": "2021-03-25T10:29:23.693Z"}}, {"model": "main.category", "pk": 2, "fields": {"category_name": "Одежда", "slug": "odejda", "date_create": "2021-03-25T10:29:50.544Z", "date_update": "2021-03-25T10:29:50.544Z"}}, {"model": "main.category", "pk": 3, "fields": {"category_name": "Обувь", "slug": "obuv", "date_create": "2021-03-25T10:31:02.200Z", "date_update": "2021-03-25T10:31:02.200Z"}}, {"model": "main.category", "pk": 6, "fields": {"category_name": "test cat", "slug": "test cat", "date_create": "2021-04-27T08:11:41.233Z", "date_update": "2021-04-27T08:11:41.233Z"}}, {"model": "main.category", "pk": 7, "fields": {"category_name": "test cat", "slug": "test cat", "date_create": "2021-04-27T17:17:16.415Z", "date_update": "2021-04-27T17:17:16.415Z"}}, {"model": "main.category", "pk": 8, "fields": {"category_name": "test cat", "slug": "test cat", "date_create": "2021-04-27T17:17:32.692Z", "date_update": "2021-04-27T17:17:32.692Z"}}, {"model": "main.category", "pk": 9, "fields": {"category_name": "test cat", "slug": "test cat", "date_create": "2021-04-27T17:19:28.382Z", "date_update": "2021-04-27T17:19:28.382Z"}}, {"model": "main.category", "pk": 10, "fields": {"category_name": "test cat", "slug": "test cat", "date_create": "2021-04-27T17:20:41.146Z", "date_update": "2021-04-27T17:20:41.146Z"}}, {"model": "main.category", "pk": 11, "fields": {"category_name": "test cat", "slug": "test cat", "date_create": "2021-04-27T18:44:29.269Z", "date_update": "2021-04-27T18:44:29.269Z"}}, {"model": "main.category", "pk": 12, "fields": {"category_name": "test cat", "slug": "test cat", "date_create": "2021-04-27T18:44:59.994Z", "date_update": "2021-04-27T18:44:59.994Z"}}, {"model": "main.category", "pk": 13, "fields": {"category_name": "test cat", "slug": "test cat", "date_create": "2021-04-27T18:47:01.153Z", "date_update": "2021-04-27T18:47:01.153Z"}}, {"model": "main.category", "pk": 14, "fields": {"category_name": "test cat", "slug": "test cat", "date_create": "2021-04-27T18:48:37.488Z", "date_update": "2021-04-27T18:48:37.488Z"}}, {"model": "main.category", "pk": 15, "fields": {"category_name": "test cat", "slug": "test cat", "date_create": "2021-04-27T18:48:59.368Z", "date_update": "2021-04-27T18:48:59.368Z"}}, {"model": "main.category", "pk": 16, "fields": {"category_name": "test cat", "slug": "test cat", "date_create": "2021-04-27T18:50:57.103Z", "date_update": "2021-04-27T18:50:57.103Z"}}, {"model": "main.good", "pk": 1, "fields": {"good_name": "Markuss Леггинсы женские", "description": "Леггинсы женские кожаные. Леггинсы черные из эко-кожи, выполнены из эластичного очень прочного высококачественного материала, что делает носку леггинсов очень комфортной.1111g111", "price": "1140.00", "discount": 0, "brand": "Markuss", "color": "черный", "composition": "Экокожа", "good_shifr": "19404686", "category": 2, "seller": 1, "in_stock": 0, "is_published": null, "archive": null, "date_create": "2021-03-25T11:27:38.495Z", "date_update": "2021-04-27T11:39:31.245Z", "picture": "images/12155730.png", "tag": [1, 2]}}, {"model": "main.good", "pk": 2, "fields": {"good_name": "Колонный вентилятор LED", "description": "Колонный вентилятор Увеличенный поток воздуха и большая площадь обдува Циркулярное движение воздуха LED дисплей с индикацией режимов работы и температуры воздуха в помещении", "price": "9889.00", "discount": 0, "brand": "BRAYER", "color": "белый", "composition": "Металл", "good_shifr": "21660888", "category": 1, "seller": 4, "in_stock": 1, "is_published": null, "archive": null, "date_create": "2021-03-25T11:32:05.830Z", "date_update": "2021-03-25T11:32:05.831Z", "picture": "images/21660888.png", "tag": [3]}}, {"model": "main.good", "pk": 3, "fields": {"good_name": "джинсы клеш", "description": "Классические широкие костюмные женские брюки с высокой посадкой, брюки палаццо, штаны женские. Отлично сочетаются с блузами и пиджаками. Брюки длинные - рассчитаны под каблук, за счет этого подойдут на высокий рост. Брюки с высокой посадкой в талии, по переду скроены без защипов и вытачек, по спинке имеются две талиевые вытачки. Брюки без карманов и \"лишних\" элементов.", "price": "9889.00", "discount": 0, "brand": "G.B. Wear", "color": "темно-серый", "composition": "полиэстер", "good_shifr": "16818574", "category": 1, "seller": 1, "in_stock": 1, "is_published": null, "archive": null, "date_create": "2021-03-25T11:27:38.495Z", "date_update": "2021-03-25T11:27:38.495Z", "picture": "images/16818574.png", "tag": [1]}}, {"model": "main.good", "pk": 4, "fields": {"good_name": "Леггинсы из премиальной ткани с ластовицей", "description": "Базовые леггинсы с высокой посадкой из премиальной высокотехнологичной ткани, которая не просвечивает даже при приседаниях, отводит влагу во время тренировок и дает коже дышать. Эти леггинсы станут вашим незаменимым компаньоном и отлично дополнят любой гардероб. Идеально подойдут, как для занятий спортом, так и для повседневной носки. Широкий пояс выполнен из двойного бифлекса, что создает хорошую поддержку и корректирует фигуру, скрывая недостатки. Чтобы обеспечить максимальный комфорт в леггинсах предусмотрена ластовица, а специальный крой подчеркивает достоинства фигуры.", "price": "9889.00", "discount": 10, "brand": "EAZYWAY Lab", "color": "черный", "composition": "полиэстер", "good_shifr": "18144264", "category": 1, "seller": 1, "in_stock": 1, "is_published": null, "archive": null, "date_create": "2021-03-25T11:27:38.495Z", "date_update": "2021-03-25T11:27:38.495Z", "picture": "images/18144264.png", "tag": [1]}}, {"model": "main.good", "pk": 5, "fields": {"good_name": "Тайтсы женские для фитнеса", "description": "Яркие тайтсы с высокой посадкой. Широкий пояс выполнен из двойного бифлекса с внутренней корсажной сеткой, что создает хорошую утяжку и поддержку. Для дополнительного комфорта при любых видах тренировок в леггинсах есть ластовица. Тайтсы отлично комбинируются с черным верхом, рашгардом, спортивными бра или футболками от EAZYWAY.", "price": "9889.00", "discount": 20, "brand": "EAZYWAY", "color": "зеленый", "composition": "полиэстер", "good_shifr": "13010221", "category": 1, "seller": 1, "in_stock": 1, "is_published": null, "archive": null, "date_create": "2021-03-25T11:27:38.495Z", "date_update": "2021-03-25T11:27:38.495Z", "picture": "images/13010221.png", "tag": [1]}}, {"model": "main.good", "pk": 6, "fields": {"good_name": "Кожаные штаны на резинке", "description": "До 170 роста !!! Трендовые утепленные брюки- джоггеры из экокожи. ВНИМАНИЕ! МОДЕЛЬ ПРЕДПОЛАГАЕТ СВОБОДНУЮ ПОСАДКУ +1 размер! ВЫ МОЖЕТЕ ЗАКАЗАТЬ НА РАЗМЕР МЕНЬШЕ ОТ ПРИВЫЧНОГО, ЕСЛИ ХОТИТЕ БОЛЕЕ ПЛОТНОЕ ОБЛЕГАНИЕ! До 170 роста !!!Это просто БОМБА! Самая актуальная модель сезона! Спортивный крой в сочетании с классической черной кожей дает стильное решение современной девушке! Вам будет максимально комфортно за счет свободной посадки и удобных резинок на щиколотках и талии. Внутренний слой - это мягкий бархатистый материал который прекрасно отводит излишнюю влагу и делает их приятными и комфортными в носке. Пояс на резинке со шнурком , манжеты из резинки, боковые карманы. Также остальные наши модели вы можете посмотреть кликнув по бабочке. Удачных покупок. Будем рады Вашим отзывам.", "price": "1140.00", "discount": 0, "brand": "RaiFA", "color": "черный", "composition": "полиэстер", "good_shifr": "15992629", "category": 1, "seller": 1, "in_stock": 1, "is_published": null, "archive": null, "date_create": "2021-03-25T11:32:05.830Z", "date_update": "2021-03-25T11:32:05.830Z", "picture": "images/15992629.png", "tag": [1]}}, {"model": "main.good", "pk": 7, "fields": {"good_name": "Брюки", "description": "Брюки, 86% Хлопок; 14% Полиэстер, крой: Oversize, принт: Без Принта, вырез: Отсутствует, утеплитель: начес.", "price": "567.00", "discount": 0, "brand": "ТВОЕ", "color": "хаки", "composition": "полиэстер", "good_shifr": "18983808", "category": 1, "seller": 1, "in_stock": 1, "is_published": null, "archive": null, "date_create": "2021-03-25T11:32:05.830Z", "date_update": "2021-03-25T11:32:05.830Z", "picture": "images/18983808.png", "tag": [1]}}, {"model": "main.good", "pk": 8, "fields": {"good_name": "Тайтсы женские для фитнеса", "description": "Стильные черные леггинсы с высокой посадкой и брендированной резинкой из трикотажного полотна премиум класса. На внутренней стороне резинки нанесена силиконовая лента, которая дает дополнительную фиксацию на талии. Ткань приятная на ощупь, не просвечивается даже при сильном растяжении. Высокотехнологичная итальянская ткань обеспечивает хорошую воздухопроницаемость и комфорт в движении.", "price": "1700.00", "discount": 0, "brand": "EAZYWAY", "color": "черный", "composition": "полиэстер", "good_shifr": "11927626", "category": 1, "seller": 1, "in_stock": 1, "is_published": null, "archive": null, "date_create": "2021-03-25T11:32:05.830Z", "date_update": "2021-03-25T11:32:05.830Z", "picture": "images/11927626.png", "tag": [1]}}, {"model": "main.good", "pk": 9, "fields": {"good_name": "юбка-брюки женские широкие", "description": "Весна 2021! Интересные Брюки-кюлоты - неординарная, но очень стильная вещь в вашем гардеробе. Костюмная ткань насыщенного чернильньного и жемчужного цветов порадует даже самого взыскательного клиента. Ассиметричный запах и идеальный крой скроет все недостатки фигуры и подчеркнёт достоинства. Комфортная длина придётся по вкусу всем женщинам и девушкам без исключения. Детали: длина по боковому шву 81 см, ширина пояса 4 см, по внутреннему 56 см, застёжка на молнию и пуговицу спереди, вшитый пояс с пряжкой. Наш слоган: мы не шьём обычные вещи, их и так много, Не будь, как все:) Будь яркой вместе с D.VA! С уважением, дизайнер Даша Васильева.", "price": "4044.00", "discount": 0, "brand": "D.VA", "color": "чернильный", "composition": "полиэстер", "good_shifr": "16219023", "category": 1, "seller": 1, "in_stock": 1, "is_published": null, "archive": null, "date_create": "2021-03-25T11:32:05.830Z", "date_update": "2021-03-25T11:32:05.830Z", "picture": "images/16219023.png", "tag": [1]}}, {"model": "main.good", "pk": 10, "fields": {"good_name": "Брюки утяжка \"Harmony\" с экокожей", "description": "Брюки-леггинсы с корректирующим эффектом в области талии. Изготовлены из плотного эластичного вискозного трикотажа. Особенности модели: высокий эластичный пояс, карманы на задних половинах, лампасы из гладкой экокожи. (17208627) и передняя половина из экокожи (17870364)", "price": "2146.00", "discount": 50, "brand": "WITH STREET", "color": "черный", "composition": "полиэстер", "good_shifr": "17208627", "category": 1, "seller": 1, "in_stock": 1, "is_published": null, "archive": null, "date_create": "2021-03-25T11:32:05.830Z", "date_update": "2021-03-25T11:32:05.830Z", "picture": "images/17208627.png", "tag": [1]}}, {"model": "main.good", "pk": 11, "fields": {"good_name": "Лосины женские спортивные для спорта фитнеса/ бега/ йоги/ леггинсы облегающие бесшовные тайтсы", "description": "Тайтсы, выполненные из материала класса премиум сделают ваши тренировки еще более комфортными. Данная модель - отличный вариант для тренировок в спортзале , групповых занятий фитнесом , пилатесом , йогой , аэробикой , стрейчингом и другими видами силовых и высокоинтенсивных нагрузок. Вы можете быть уверены в том , что даже во время суперактивных занятий на леггинсах не останется следов пота. Высокая подсадка подчеркнёт вашу талию , а утягивающий пояс создаст женственный силуэт и скроет недостатки. Двухцветная вязка создает рисунок, который подчеркивает ягодичные мышцы и создает красивую линию бедра. Стяжка в зоне ягодиц создаст Push up эффект и поддержка визуально скорректируют силуэт! Стиль, качество и современность - залог успеха современных бесшовных тайтсов Enix !", "price": "1800.00", "discount": 0, "brand": "Enix", "color": "зеленый", "composition": "полиэстер", "good_shifr": "17743608", "category": 1, "seller": 1, "in_stock": 1, "is_published": null, "archive": null, "date_create": "2021-03-25T11:32:05.830Z", "date_update": "2021-03-25T11:32:05.830Z", "picture": "images/17743608.png", "tag": [1]}}, {"model": "main.good", "pk": 12, "fields": {"good_name": "Брюки зауженные", "description": "Брюки зауженные / Брюки на манжете / Подарок мужчине", "price": "2083.00", "discount": 0, "brand": "Envy Lab", "color": "черный", "composition": "полиэстер", "good_shifr": "4448152", "category": 1, "seller": 1, "in_stock": 1, "is_published": null, "archive": null, "date_create": "2021-03-25T11:32:05.830Z", "date_update": "2021-03-25T11:32:05.830Z", "picture": "images/4448152.png", "tag": [1]}}, {"model": "main.good", "pk": 13, "fields": {"good_name": "Водолазка женская", "description": "Классическая водолазка есть в гардеробе каждой модницы. В нашей коллекции представлена большая цветовая палитра универсальных водолазок: от многофункциональной черной и темно-синей до небесно-голубой и пудрово-", "price": "731.00", "discount": 0, "brand": "Two Kings", "color": "светло-серый", "composition": "хлопок", "good_shifr": "9848277", "category": 2, "seller": 1, "in_stock": 1, "is_published": null, "archive": null, "date_create": "2021-04-02T07:20:34.686Z", "date_update": "2021-04-02T07:20:34.686Z", "picture": "images/9848277.png", "tag": [1]}}, {"model": "main.good", "pk": 14, "fields": {"good_name": "Водолазка женская", "description": "Классическая водолазка есть в гардеробе каждой модницы. В нашей коллекции представлена большая цветовая палитра универсальных водолазок: от многофункциональной черной и темно-синей до небесно-голубой и пудрово-", "price": "731.00", "discount": 0, "brand": "Two Kings", "color": "светло-серый", "composition": "хлопок", "good_shifr": "9848277", "category": 2, "seller": 1, "in_stock": 1, "is_published": null, "archive": null, "date_create": "2021-04-02T07:20:45.599Z", "date_update": "2021-04-02T07:20:45.599Z", "picture": "images/9848277.png", "tag": [1]}}, {"model": "main.good", "pk": 15, "fields": {"good_name": "Водолазка женская", "description": "Классическая водолазка есть в гардеробе каждой модницы. В нашей коллекции представлена большая цветовая палитра универсальных водолазок: от многофункциональной черной и темно-синей до небесно-голубой и пудрово-", "price": "731.00", "discount": 0, "brand": "Two Kings", "color": "светло-серый", "composition": "хлопок", "good_shifr": "9848277", "category": 2, "seller": 1, "in_stock": 1, "is_published": null, "archive": null, "date_create": "2021-04-02T07:21:29.774Z", "date_update": "2021-04-02T07:21:29.774Z", "picture": "images/9848277.png", "tag": [1]}}, {"model": "main.good", "pk": 16, "fields": {"good_name": "Пуловер", "description": "Пуловер хороший", "price": "1.00", "discount": 1, "brand": "1", "color": "1", "composition": "1", "good_shifr": "9848277", "category": 2, "seller": 1, "in_stock": 0, "is_published": null, "archive": null, "date_create": "2021-04-02T09:54:52.296Z", "date_update": "2021-04-02T10:15:32.128Z", "picture": "images/14995223_gmHZAen.png", "tag": [1]}}, {"model": "main.good", "pk": 17, "fields": {"good_name": "Автомобильный видеорегистратор", "description": "Автомобильный видеорегистратор с разрешением Full Hd, высококачественным светосильным объективом с углом обзора 140, встроенным Wi-Fi адаптером, и большим экраном, способный в режиме нон-стоп записывать видеоинформацию на карты памяти форматов microSd. Да", "price": "3730.00", "discount": 0, "brand": "Xiaomi", "color": "черный", "composition": "металл", "good_shifr": "9123723", "category": 1, "seller": 4, "in_stock": 1, "is_published": null, "archive": null, "date_create": "2021-04-08T17:12:39.182Z", "date_update": "2021-04-08T17:12:39.182Z", "picture": "images/9123723_oyIBm0A.png", "tag": []}}, {"model": "main.good", "pk": 18, "fields": {"good_name": "Автомобильный видеорегистратор", "description": "Автомобильный видеорегистратор с разрешением Full Hd, высококачественным светосильным объективом с углом обзора 140, встроенным Wi-Fi адаптером, и большим экраном, способный в режиме нон-стоп записывать видеоинформацию на карты памяти форматов microSd. Да", "price": "3730.00", "discount": 0, "brand": "Xiaomi", "color": "черный", "composition": "металл", "good_shifr": "9123723", "category": 1, "seller": 4, "in_stock": 1, "is_published": null, "archive": null, "date_create": "2021-04-08T17:13:10.130Z", "date_update": "2021-04-08T17:13:10.130Z", "picture": "images/9123723_aSa1IeD.png", "tag": []}}, {"model": "main.good", "pk": 19, "fields": {"good_name": "Автомобильный видеорегистратор", "description": "Автомобильный видеорегистратор с разрешением Full Hd, высококачественным светосильным объективом с углом обзора 140, встроенным Wi-Fi адаптером, и большим экраном, способный в режиме нон-стоп записывать видеоинформацию на карты памяти форматов microSd. Да", "price": "3730.00", "discount": 0, "brand": "Xiaomi", "color": "черный", "composition": "металл", "good_shifr": "9123723", "category": 1, "seller": 4, "in_stock": 1, "is_published": null, "archive": null, "date_create": "2021-04-08T17:16:43.916Z", "date_update": "2021-04-08T17:16:43.916Z", "picture": "images/9123723_T3qSfcd.png", "tag": [3]}}, {"model": "main.good", "pk": 20, "fields": {"good_name": "Эхолот для зимней и летней рыб", "description": "Улучшить вашу результативность рыбалки поможет эхолот Lucky FF-1108. Это устройтво удобно в использовании и просто в обращении. Обладает жидкокристаллическим экраном со светодиодной подсветкой. Если у вас есть вопросы о товаре или претензии к его работе,", "price": "3627.00", "discount": 20, "brand": "LUCKY", "color": "черный", "composition": "металл", "good_shifr": "14095912", "category": 1, "seller": 4, "in_stock": 1, "is_published": null, "archive": null, "date_create": "2021-04-08T17:19:57.133Z", "date_update": "2021-04-08T17:19:57.133Z", "picture": "images/14095912_c0tZImM.png", "tag": [3]}}, {"model": "main.good", "pk": 21, "fields": {"good_name": "Автомобильный видеорегистратор", "description": "Автомобильный видеорегистратор устанавливается как зеркало заднего вида. Камера, расположенная на корпусе зеркала имеет угол обзора 170 градусов и разрешение 1920 на 1080 пикселей, контролирует встречное движение, записывая высококачественное яркое видео.", "price": "2374.00", "discount": 0, "brand": "Galaxy Shop", "color": "черный", "composition": "металл", "good_shifr": "18837377", "category": 1, "seller": 4, "in_stock": 1, "is_published": null, "archive": null, "date_create": "2021-04-08T17:25:37.206Z", "date_update": "2021-04-08T17:25:37.206Z", "picture": "images/18837377_rXBLwld.png", "tag": [3]}}, {"model": "main.good", "pk": 22, "fields": {"good_name": "Безпроводно зарядное устройств", "description": "Лёгкое и компактное беспроводное зарядное устройство Akai CH-6W01 позволит зарядить любые портативные устройства с поддержкой технологии Qi. Достаточно поместить гаджет на зарядную панель со стильной светодиодной подсветкой, и поступление энергии начнётся", "price": "399.00", "discount": 0, "brand": "AKAI", "color": "черный", "composition": "металл", "good_shifr": "12429982", "category": 1, "seller": 4, "in_stock": 1, "is_published": null, "archive": null, "date_create": "2021-04-08T17:36:53.040Z", "date_update": "2021-04-08T17:36:53.040Z", "picture": "images/12429982_nBpl14u.jpg", "tag": [3]}}, {"model": "main.good", "pk": 23, "fields": {"good_name": "Смартфон Galaxy S10+ 8/128Gb:", "description": "Не просто особенный смартфон. Это смартфон будущего. Мы создали дизайн заново, чтобы вы испытали невероятный опыт погружения в происходящее на экране вашего смартфона. Все внимание на экран. Высокоточная лазерная обработка, встроенный ультразвуковой скане", "price": "47208.00", "discount": 0, "brand": "Samsung", "color": "черный", "composition": "металл", "good_shifr": "7345879", "category": 1, "seller": 4, "in_stock": 1, "is_published": null, "archive": null, "date_create": "2021-04-13T17:47:16.995Z", "date_update": "2021-04-13T17:47:16.995Z", "picture": "images/7345879_688fdTi.jpg", "tag": []}}, {"model": "main.good", "pk": 24, "fields": {"good_name": "Смартфон Galaxy S10+ 8/128Gb:", "description": "Не просто особенный смартфон. Это смартфон будущего. Мы создали дизайн заново, чтобы вы испытали невероятный опыт погружения в происходящее на экране вашего смартфона. Все внимание на экран. Высокоточная лазерная обработка, встроенный ультразвуковой скане", "price": "47208.00", "discount": 0, "brand": "Samsung", "color": "черный", "composition": "металл", "good_shifr": "7345879", "category": 1, "seller": 4, "in_stock": 1, "is_published": null, "archive": null, "date_create": "2021-04-13T17:49:25.802Z", "date_update": "2021-04-13T17:49:25.803Z", "picture": "images/7345879_AVTg16w.jpg", "tag": []}}, {"model": "main.good", "pk": 25, "fields": {"good_name": "Смартфон Galaxy S10+ 8/128Gb:", "description": "Не просто особенный смартфон. Это смартфон будущего. Мы создали дизайн заново, чтобы вы испытали невероятный опыт погружения в происходящее на экране вашего смартфона. Все внимание на экран. Высокоточная лазерная обработка, встроенный ультразвуковой скане", "price": "47208.00", "discount": 0, "brand": "Samsung", "color": "черный", "composition": "металл", "good_shifr": "7345879", "category": 1, "seller": 4, "in_stock": 1, "is_published": null, "archive": null, "date_create": "2021-04-13T17:51:24.575Z", "date_update": "2021-04-13T17:51:24.575Z", "picture": "images/7345879_HTAOCbn.jpg", "tag": []}}, {"model": "main.good", "pk": 26, "fields": {"good_name": "Смартфон Galaxy S10+ 8/128Gb:", "description": "Не просто особенный смартфон. Это смартфон будущего. Мы создали дизайн заново, чтобы вы испытали невероятный опыт погружения в происходящее на экране вашего смартфона. Все внимание на экран. Высокоточная лазерная обработка, встроенный ультразвуковой скане", "price": "47208.00", "discount": 0, "brand": "Samsung", "color": "черный", "composition": "металл", "good_shifr": "7345879", "category": 1, "seller": 4, "in_stock": 1, "is_published": null, "archive": null, "date_create": "2021-04-13T17:53:40.412Z", "date_update": "2021-04-13T17:53:40.412Z", "picture": "images/7345879_er9wnGI.jpg", "tag": [3]}}, {"model": "main.good", "pk": 27, "fields": {"good_name": "Смартфон Galaxy S10+ 8/128Gb:", "description": "Не просто особенный смартфон. Это смартфон будущего. Мы создали дизайн заново, чтобы вы испытали невероятный опыт погружения в происходящее на экране вашего смартфона. Все внимание на экран. Высокоточная лазерная обработка, встроенный ультразвуковой скане", "price": "47208.00", "discount": 0, "brand": "Samsung", "color": "черный", "composition": "металл", "good_shifr": "7345879", "category": 1, "seller": 4, "in_stock": 1, "is_published": null, "archive": null, "date_create": "2021-04-13T17:56:17.166Z", "date_update": "2021-04-13T17:56:23.236Z", "picture": "images/7345879_QBbVlXw.jpg", "tag": [3]}}, {"model": "main.good", "pk": 28, "fields": {"good_name": "Смартфон Galaxy Z Flip: 6.7\" 2", "description": "стречайте Galaxy Z Flip. Смартфон с экраном из революционного гибкого стекла. Он создан, чтобы легко помещаться в кармане в сложенном состоянии. Камера, которая подарит полную свободу действий вашим рукам. Двойной аккумулятор для продуктивной работы в теч", "price": "87772.00", "discount": 0, "brand": "Samsung", "color": "черный", "composition": "металл", "good_shifr": "12721010", "category": 1, "seller": 4, "in_stock": 1, "is_published": null, "archive": null, "date_create": "2021-04-13T17:58:02.975Z", "date_update": "2021-04-13T17:58:09.104Z", "picture": "images/12721010_Mn34HDo.jpg", "tag": [3]}}, {"model": "main.good", "pk": 29, "fields": {"good_name": "Смартфон Galaxy S20+: 6.7\" 320", "description": "Безграничные возможности. Новейшие флагманские устройства Samsung из серии Galaxy S20 оснащены технологиями премиум-класса, хорошо знакомыми всем поклонникам линейки Galaxy. Galaxy S20 - самое безопасное устройство, которое когда-либо производил Samsung.", "price": "56992.00", "discount": 0, "brand": "Samsung", "color": "черный", "composition": "металл", "good_shifr": "11102818", "category": 1, "seller": 4, "in_stock": 1, "is_published": null, "archive": null, "date_create": "2021-04-13T18:01:57.356Z", "date_update": "2021-04-13T18:01:57.372Z", "picture": "images/7345879_eiYUqyB.jpg", "tag": [3]}}, {"model": "main.good", "pk": 30, "fields": {"good_name": "Смартфон Galaxy Note 10 Lite:", "description": "Смартфон Galaxy Note10 Lite - это удивительное слияние стиля и функциональности. Плавные линии корпуса в сочетании с изящной металлической рамкой создают высокий уровень эргономики. Обладает 6.7-дюймовым Super AMOLED экраном с разрешением FullHD+, что отк", "price": "33337.00", "discount": 0, "brand": "Samsung", "color": "черный", "composition": "металл", "good_shifr": "10847687", "category": 1, "seller": 4, "in_stock": 1, "is_published": null, "archive": null, "date_create": "2021-04-13T18:10:32.390Z", "date_update": "2021-04-13T18:10:38.482Z", "picture": "images/10847687_eCnGCas.jpg", "tag": [3]}}, {"model": "main.good", "pk": 31, "fields": {"good_name": "Джойстик для Playstation 3", "description": "GameK / Джойстик для Playstation 3 / PS3 Красный", "price": "862.00", "discount": 0, "brand": "GameK", "color": "красный", "composition": "пластик", "good_shifr": "17679636", "category": 1, "seller": 4, "in_stock": 1, "is_published": null, "archive": null, "date_create": "2021-04-13T18:21:43.352Z", "date_update": "2021-04-13T18:21:49.446Z", "picture": "images/17679636_sISs442.jpg", "tag": [3]}}, {"model": "main.good", "pk": 32, "fields": {"good_name": "Markuss Леггинсы женские 2", "description": "Леггинсы женские кожаные. Леггинсы черные из эко-кожи, выполнены из эластичного очень прочного высококачественного материала, что делает носку леггинсов очень комфортной.", "price": "1140.00", "discount": 0, "brand": "Markuss", "color": "черный", "composition": "хлопок", "good_shifr": "19404689", "category": 2, "seller": 1, "in_stock": 1, "is_published": null, "archive": null, "date_create": "2021-04-20T09:00:14.832Z", "date_update": "2021-04-27T12:11:16.004Z", "picture": "images/", "tag": [1, 2]}}, {"model": "main.good", "pk": 33, "fields": {"good_name": "Колонный вентилятор LED", "description": "Колонный вентилятор Увеличенный поток воздуха и большая площадь обдува Циркулярное движение воздуха LED дисплей с индикацией режимов работы и температуры воздуха в помещении", "price": "9889.00", "discount": 0, "brand": "BRAYER", "color": "белый", "composition": "", "good_shifr": "21660888", "category": 1, "seller": 1, "in_stock": 1, "is_published": null, "archive": null, "date_create": "2021-04-20T09:00:14.849Z", "date_update": "2021-04-20T09:00:14.849Z", "picture": "images/", "tag": []}}, {"model": "main.good", "pk": 34, "fields": {"good_name": "test", "description": "test", "price": "2291.00", "discount": 0, "brand": "test brand", "color": "test", "composition": "test", "good_shifr": "3197", "category": 6, "seller": 1, "in_stock": 0, "is_published": null, "archive": null, "date_create": "2021-04-27T08:11:41.304Z", "date_update": "2021-04-27T11:42:19.339Z", "picture": "images/test.img", "tag": [6]}}, {"model": "main.good", "pk": 35, "fields": {"good_name": "test", "description": "test", "price": "6977.00", "discount": 0, "brand": "test brand", "color": "test", "composition": "test", "good_shifr": "7462", "category": 9, "seller": 7, "in_stock": 0, "is_published": null, "archive": null, "date_create": "2021-04-27T17:19:28.458Z", "date_update": "2021-04-27T17:19:28.458Z", "picture": "images/test.img", "tag": []}}, {"model": "main.good", "pk": 36, "fields": {"good_name": "test", "description": "test", "price": "4951.00", "discount": 0, "brand": "test brand", "color": "test", "composition": "test", "good_shifr": "5337", "category": 10, "seller": 8, "in_stock": 0, "is_published": null, "archive": null, "date_create": "2021-04-27T17:20:41.214Z", "date_update": "2021-04-27T17:20:41.214Z", "picture": "images/test.img", "tag": [10]}}, {"model": "main.good", "pk": 37, "fields": {"good_name": "test", "description": "test", "price": "2331.00", "discount": 0, "brand": "test brand", "color": "test", "composition": "test", "good_shifr": "1885", "category": 16, "seller": 9, "in_stock": 0, "is_published": null, "archive": null, "date_create": "2021-04-27T18:50:57.178Z", "date_update": "2021-04-27T18:50:57.178Z", "picture": "images/test.img", "tag": [16]}}, {"model": "main.profile", "pk": 1, "fields": {"birth_date": "1987-03-16", "picture": "users/user-photo.jpg"}}, {"model": "main.profile", "pk": 2, "fields": {"birth_date": null, "picture": ""}}, {"model": "main.profile", "pk": 3, "fields": {"birth_date": null, "picture": ""}}, {"model": "main.profile", "pk": 4, "fields": {"birth_date": null, "picture": ""}}, {"model": "main.profile", "pk": 5, "fields": {"birth_date": null, "picture": ""}}, {"model": "main.profile", "pk": 6, "fields": {"birth_date": null, "picture": ""}}, {"model": "main.profile", "pk": 7, "fields": {"birth_date": null, "picture": ""}}, {"model": "main.profile", "pk": 8, "fields": {"birth_date": null, "picture": ""}}, {"model": "main.profile", "pk": 9, "fields": {"birth_date": null, "picture": ""}}, {"model": "main.profile", "pk": 10, "fields": {"birth_date": null, "picture": ""}}, {"model": "main.profile", "pk": 11, "fields": {"birth_date": null, "picture": ""}}, {"model": "main.profile", "pk": 12, "fields": {"birth_date": null, "picture": ""}}, {"model": "main.profile", "pk": 13, "fields": {"birth_date": null, "picture": ""}}, {"model": "main.profile", "pk": 14, "fields": {"birth_date": null, "picture": ""}}, {"model": "main.profile", "pk": 15, "fields": {"birth_date": null, "picture": ""}}, {"model": "main.profile", "pk": 16, "fields": {"birth_date": null, "picture": ""}}, {"model": "main.profile", "pk": 17, "fields": {"birth_date": null, "picture": ""}}, {"model": "main.subscriber", "pk": 1, "fields": {"user": 2}}, {"model": "main.smslog", "pk": 1, "fields": {"body": 8565, "from_number": "Vonage APIs", "to_number": "79210967589", "status_response": "0", "date_created": "2021-04-14T13:33:44.576Z", "date_sent": "2021-04-14T13:33:44.576Z"}}, {"model": "main.smslog", "pk": 2, "fields": {"body": 8176, "from_number": "Vonage APIs", "to_number": "79210967589", "status_response": "0", "date_created": "2021-04-14T13:38:13.169Z", "date_sent": "2021-04-14T13:38:13.169Z"}}, {"model": "main.smslog", "pk": 3, "fields": {"body": 8962, "from_number": "Vonage APIs", "to_number": "79210967589", "status_response": "0", "date_created": "2021-04-14T13:39:38.327Z", "date_sent": "2021-04-14T13:39:38.327Z"}}, {"model": "main.smslog", "pk": 4, "fields": {"body": 7441, "from_number": "Vonage APIs", "to_number": "79210967589", "status_response": "0", "date_created": "2021-04-14T15:13:08.514Z", "date_sent": "2021-04-14T15:13:08.514Z"}}]